mode: set
digital.vasic.translator/pkg/logger/logger.go:51.44,53.24 1 1
digital.vasic.translator/pkg/logger/logger.go:53.24,55.3 1 1
digital.vasic.translator/pkg/logger/logger.go:58.2,58.25 1 1
digital.vasic.translator/pkg/logger/logger.go:58.25,60.3 1 1
digital.vasic.translator/pkg/logger/logger.go:63.2,64.29 2 1
digital.vasic.translator/pkg/logger/logger.go:64.29,66.17 2 0
digital.vasic.translator/pkg/logger/logger.go:66.17,69.4 2 0
digital.vasic.translator/pkg/logger/logger.go:69.9,71.4 1 0
digital.vasic.translator/pkg/logger/logger.go:72.8,74.3 1 1
digital.vasic.translator/pkg/logger/logger.go:76.2,80.3 1 1
digital.vasic.translator/pkg/logger/logger.go:84.62,96.31 4 1
digital.vasic.translator/pkg/logger/logger.go:96.31,97.28 1 1
digital.vasic.translator/pkg/logger/logger.go:97.28,99.4 1 1
digital.vasic.translator/pkg/logger/logger.go:100.3,100.23 1 1
digital.vasic.translator/pkg/logger/logger.go:100.23,102.4 1 1
digital.vasic.translator/pkg/logger/logger.go:105.2,105.47 1 1
digital.vasic.translator/pkg/logger/logger.go:109.101,112.18 2 1
digital.vasic.translator/pkg/logger/logger.go:113.19,114.57 1 1
digital.vasic.translator/pkg/logger/logger.go:115.10,116.57 1 1
digital.vasic.translator/pkg/logger/logger.go:121.116,128.21 3 1
digital.vasic.translator/pkg/logger/logger.go:128.21,130.34 2 1
digital.vasic.translator/pkg/logger/logger.go:130.34,132.4 1 1
digital.vasic.translator/pkg/logger/logger.go:135.2,135.20 1 1
digital.vasic.translator/pkg/logger/logger.go:139.116,147.33 2 1
digital.vasic.translator/pkg/logger/logger.go:147.33,149.3 1 1
digital.vasic.translator/pkg/logger/logger.go:152.2,153.16 2 1
digital.vasic.translator/pkg/logger/logger.go:153.16,155.3 1 0
digital.vasic.translator/pkg/logger/logger.go:156.2,156.26 1 1
digital.vasic.translator/pkg/logger/logger.go:160.84,161.25 1 1
digital.vasic.translator/pkg/logger/logger.go:161.25,163.3 1 1
digital.vasic.translator/pkg/logger/logger.go:165.2,166.29 2 1
digital.vasic.translator/pkg/logger/logger.go:170.79,172.2 1 1
digital.vasic.translator/pkg/logger/logger.go:175.78,177.2 1 1
digital.vasic.translator/pkg/logger/logger.go:180.78,182.2 1 1
digital.vasic.translator/pkg/logger/logger.go:185.79,187.2 1 1
digital.vasic.translator/pkg/logger/logger.go:190.79,193.2 2 0
digital.vasic.translator/pkg/logger/logger.go:199.29,201.2 1 1
digital.vasic.translator/pkg/logger/logger.go:204.76,206.2 0 1
digital.vasic.translator/pkg/logger/logger.go:209.75,211.2 0 1
digital.vasic.translator/pkg/logger/logger.go:214.75,216.2 0 1
digital.vasic.translator/pkg/logger/logger.go:219.76,221.2 0 1
digital.vasic.translator/pkg/logger/logger.go:224.76,226.2 0 0
digital.vasic.translator/pkg/script/converter.go:20.32,34.37 3 1
digital.vasic.translator/pkg/script/converter.go:34.37,36.3 1 1
digital.vasic.translator/pkg/script/converter.go:38.2,45.3 4 1
digital.vasic.translator/pkg/script/converter.go:49.49,53.28 3 1
digital.vasic.translator/pkg/script/converter.go:53.28,54.42 1 1
digital.vasic.translator/pkg/script/converter.go:54.42,56.4 1 1
digital.vasic.translator/pkg/script/converter.go:56.9,58.4 1 1
digital.vasic.translator/pkg/script/converter.go:61.2,61.24 1 1
digital.vasic.translator/pkg/script/converter.go:65.52,73.21 5 1
digital.vasic.translator/pkg/script/converter.go:73.21,75.23 1 1
digital.vasic.translator/pkg/script/converter.go:75.23,77.45 2 1
digital.vasic.translator/pkg/script/converter.go:77.45,80.13 3 1
digital.vasic.translator/pkg/script/converter.go:85.3,86.44 2 1
digital.vasic.translator/pkg/script/converter.go:86.44,88.4 1 1
digital.vasic.translator/pkg/script/converter.go:88.9,90.4 1 1
digital.vasic.translator/pkg/script/converter.go:91.3,91.6 1 1
digital.vasic.translator/pkg/script/converter.go:94.2,94.24 1 1
digital.vasic.translator/pkg/script/converter.go:98.58,102.28 3 1
digital.vasic.translator/pkg/script/converter.go:102.28,103.38 1 1
digital.vasic.translator/pkg/script/converter.go:103.38,105.4 1 1
digital.vasic.translator/pkg/script/converter.go:107.3,107.67 1 1
digital.vasic.translator/pkg/script/converter.go:107.67,109.4 1 1
digital.vasic.translator/pkg/script/converter.go:112.2,112.32 1 1
digital.vasic.translator/pkg/script/converter.go:112.32,114.3 1 1
digital.vasic.translator/pkg/script/converter.go:115.2,115.14 1 1
digital.vasic.translator/pkg/script/converter.go:119.74,122.35 2 1
digital.vasic.translator/pkg/script/converter.go:122.35,124.3 1 1
digital.vasic.translator/pkg/script/converter.go:126.2,126.27 1 1
digital.vasic.translator/pkg/script/converter.go:126.27,128.3 1 1
digital.vasic.translator/pkg/script/converter.go:129.2,129.27 1 1
digital.vasic.translator/pkg/format/detector.go:43.30,45.2 1 1
digital.vasic.translator/pkg/format/detector.go:48.64,50.16 2 1
digital.vasic.translator/pkg/format/detector.go:50.16,52.3 1 1
digital.vasic.translator/pkg/format/detector.go:53.2,58.33 4 1
digital.vasic.translator/pkg/format/detector.go:58.33,60.3 1 0
digital.vasic.translator/pkg/format/detector.go:61.2,71.36 5 1
digital.vasic.translator/pkg/format/detector.go:71.36,73.65 1 1
digital.vasic.translator/pkg/format/detector.go:73.65,75.4 1 1
digital.vasic.translator/pkg/format/detector.go:76.3,76.28 1 1
digital.vasic.translator/pkg/format/detector.go:79.2,79.34 1 1
digital.vasic.translator/pkg/format/detector.go:79.34,81.3 1 1
digital.vasic.translator/pkg/format/detector.go:84.2,84.39 1 1
digital.vasic.translator/pkg/format/detector.go:88.57,92.13 3 1
digital.vasic.translator/pkg/format/detector.go:93.13,94.19 1 1
digital.vasic.translator/pkg/format/detector.go:95.14,96.20 1 1
digital.vasic.translator/pkg/format/detector.go:97.13,98.19 1 1
digital.vasic.translator/pkg/format/detector.go:99.21,100.20 1 1
digital.vasic.translator/pkg/format/detector.go:101.13,102.19 1 1
digital.vasic.translator/pkg/format/detector.go:103.14,104.20 1 1
digital.vasic.translator/pkg/format/detector.go:105.13,106.19 1 1
digital.vasic.translator/pkg/format/detector.go:107.21,108.20 1 1
digital.vasic.translator/pkg/format/detector.go:109.14,110.20 1 1
digital.vasic.translator/pkg/format/detector.go:111.13,112.19 1 1
digital.vasic.translator/pkg/format/detector.go:113.10,114.23 1 1
digital.vasic.translator/pkg/format/detector.go:119.59,120.40 1 1
digital.vasic.translator/pkg/format/detector.go:120.40,121.35 1 1
digital.vasic.translator/pkg/format/detector.go:121.35,123.4 1 1
digital.vasic.translator/pkg/format/detector.go:125.2,125.22 1 1
digital.vasic.translator/pkg/format/detector.go:129.87,131.30 1 1
digital.vasic.translator/pkg/format/detector.go:132.15,133.25 1 1
digital.vasic.translator/pkg/format/detector.go:134.15,135.25 1 1
digital.vasic.translator/pkg/format/detector.go:136.15,137.25 1 0
digital.vasic.translator/pkg/format/detector.go:141.2,142.16 2 1
digital.vasic.translator/pkg/format/detector.go:142.16,143.19 1 0
digital.vasic.translator/pkg/format/detector.go:144.31,145.26 1 0
digital.vasic.translator/pkg/format/detector.go:146.82,147.26 1 0
digital.vasic.translator/pkg/format/detector.go:148.41,149.26 1 0
digital.vasic.translator/pkg/format/detector.go:155.2,155.28 1 1
digital.vasic.translator/pkg/format/detector.go:155.28,157.3 1 0
digital.vasic.translator/pkg/format/detector.go:164.2,164.24 1 1
digital.vasic.translator/pkg/format/detector.go:168.68,170.16 2 1
digital.vasic.translator/pkg/format/detector.go:170.16,172.3 1 1
digital.vasic.translator/pkg/format/detector.go:173.2,175.27 2 0
digital.vasic.translator/pkg/format/detector.go:175.27,176.27 1 0
digital.vasic.translator/pkg/format/detector.go:176.27,178.18 2 0
digital.vasic.translator/pkg/format/detector.go:178.18,180.5 1 0
digital.vasic.translator/pkg/format/detector.go:181.4,184.18 3 0
digital.vasic.translator/pkg/format/detector.go:184.18,186.5 1 0
digital.vasic.translator/pkg/format/detector.go:188.4,188.47 1 0
digital.vasic.translator/pkg/format/detector.go:192.2,192.50 1 0
digital.vasic.translator/pkg/format/detector.go:196.53,198.16 2 1
digital.vasic.translator/pkg/format/detector.go:198.16,200.3 1 1
digital.vasic.translator/pkg/format/detector.go:201.2,214.27 4 0
digital.vasic.translator/pkg/format/detector.go:214.27,216.41 1 0
digital.vasic.translator/pkg/format/detector.go:216.41,217.42 1 0
digital.vasic.translator/pkg/format/detector.go:217.42,219.10 2 0
digital.vasic.translator/pkg/format/detector.go:222.3,222.18 1 0
digital.vasic.translator/pkg/format/detector.go:222.18,223.9 1 0
digital.vasic.translator/pkg/format/detector.go:229.2,229.20 1 0
digital.vasic.translator/pkg/format/detector.go:233.56,237.40 2 1
digital.vasic.translator/pkg/format/detector.go:237.40,238.47 1 1
digital.vasic.translator/pkg/format/detector.go:238.47,240.4 1 1
digital.vasic.translator/pkg/format/detector.go:241.3,241.79 1 0
digital.vasic.translator/pkg/format/detector.go:241.79,243.4 1 0
digital.vasic.translator/pkg/format/detector.go:247.2,247.87 1 1
digital.vasic.translator/pkg/format/detector.go:247.87,249.3 1 1
digital.vasic.translator/pkg/format/detector.go:252.2,252.42 1 1
digital.vasic.translator/pkg/format/detector.go:252.42,254.3 1 1
digital.vasic.translator/pkg/format/detector.go:257.2,257.39 1 1
digital.vasic.translator/pkg/format/detector.go:257.39,259.3 1 0
digital.vasic.translator/pkg/format/detector.go:262.2,262.43 1 1
digital.vasic.translator/pkg/format/detector.go:262.43,264.3 1 0
digital.vasic.translator/pkg/format/detector.go:267.2,267.39 1 1
digital.vasic.translator/pkg/format/detector.go:267.39,269.3 1 0
digital.vasic.translator/pkg/format/detector.go:272.2,272.25 1 1
digital.vasic.translator/pkg/format/detector.go:272.25,274.3 1 1
digital.vasic.translator/pkg/format/detector.go:276.2,276.22 1 1
digital.vasic.translator/pkg/format/detector.go:280.50,281.20 1 1
digital.vasic.translator/pkg/format/detector.go:281.20,283.3 1 1
digital.vasic.translator/pkg/format/detector.go:284.2,285.25 2 1
digital.vasic.translator/pkg/format/detector.go:285.25,286.79 1 1
digital.vasic.translator/pkg/format/detector.go:286.79,288.4 1 1
digital.vasic.translator/pkg/format/detector.go:290.2,290.58 1 1
digital.vasic.translator/pkg/format/detector.go:294.52,302.30 2 1
digital.vasic.translator/pkg/format/detector.go:302.30,303.18 1 1
digital.vasic.translator/pkg/format/detector.go:303.18,305.4 1 1
digital.vasic.translator/pkg/format/detector.go:307.2,307.14 1 1
digital.vasic.translator/pkg/format/detector.go:311.51,318.2 1 1
digital.vasic.translator/pkg/format/detector.go:321.33,323.2 1 1
digital.vasic.translator/pkg/format/detector.go:326.35,328.11 2 1
digital.vasic.translator/pkg/format/detector.go:329.13,330.19 1 1
digital.vasic.translator/pkg/format/detector.go:331.14,332.20 1 1
digital.vasic.translator/pkg/format/detector.go:333.13,334.19 1 1
digital.vasic.translator/pkg/format/detector.go:335.14,336.20 1 1
digital.vasic.translator/pkg/format/detector.go:337.13,338.19 1 1
digital.vasic.translator/pkg/format/detector.go:339.14,340.20 1 1
digital.vasic.translator/pkg/format/detector.go:341.21,342.19 1 1
digital.vasic.translator/pkg/format/detector.go:343.21,344.20 1 1
digital.vasic.translator/pkg/format/detector.go:345.14,346.20 1 1
digital.vasic.translator/pkg/format/detector.go:347.13,348.19 1 1
digital.vasic.translator/pkg/format/detector.go:349.10,350.23 1 1
digital.vasic.translator/pkg/coordination/multi_llm.go:54.76,55.28 1 1
digital.vasic.translator/pkg/coordination/multi_llm.go:55.28,57.3 1 1
digital.vasic.translator/pkg/coordination/multi_llm.go:58.2,58.28 1 1
digital.vasic.translator/pkg/coordination/multi_llm.go:58.28,60.3 1 1
digital.vasic.translator/pkg/coordination/multi_llm.go:62.2,77.20 3 1
digital.vasic.translator/pkg/coordination/multi_llm.go:81.56,85.25 2 1
digital.vasic.translator/pkg/coordination/multi_llm.go:85.25,86.25 1 1
digital.vasic.translator/pkg/coordination/multi_llm.go:86.25,88.4 1 0
digital.vasic.translator/pkg/coordination/multi_llm.go:88.9,90.4 1 1
digital.vasic.translator/pkg/coordination/multi_llm.go:91.3,91.9 1 1
digital.vasic.translator/pkg/coordination/multi_llm.go:96.2,96.45 1 1
digital.vasic.translator/pkg/coordination/multi_llm.go:96.45,97.10 1 1
digital.vasic.translator/pkg/coordination/multi_llm.go:98.23,99.12 1 1
digital.vasic.translator/pkg/coordination/multi_llm.go:100.22,101.12 1 1
digital.vasic.translator/pkg/coordination/multi_llm.go:102.11,103.12 1 0
digital.vasic.translator/pkg/coordination/multi_llm.go:107.2,108.35 2 1
digital.vasic.translator/pkg/coordination/multi_llm.go:108.35,111.3 2 1
digital.vasic.translator/pkg/coordination/multi_llm.go:113.2,114.24 2 1
digital.vasic.translator/pkg/coordination/multi_llm.go:114.24,116.3 1 1
digital.vasic.translator/pkg/coordination/multi_llm.go:117.2,117.25 1 1
digital.vasic.translator/pkg/coordination/multi_llm.go:117.25,119.3 1 0
digital.vasic.translator/pkg/coordination/multi_llm.go:121.2,135.42 3 1
digital.vasic.translator/pkg/coordination/multi_llm.go:135.42,139.38 3 1
digital.vasic.translator/pkg/coordination/multi_llm.go:139.38,147.18 3 1
digital.vasic.translator/pkg/coordination/multi_llm.go:147.18,149.13 2 0
digital.vasic.translator/pkg/coordination/multi_llm.go:152.4,163.16 3 1
digital.vasic.translator/pkg/coordination/multi_llm.go:167.2,167.27 1 1
digital.vasic.translator/pkg/coordination/multi_llm.go:167.27,170.3 2 0
digital.vasic.translator/pkg/coordination/multi_llm.go:172.2,180.4 1 1
digital.vasic.translator/pkg/coordination/multi_llm.go:185.85,189.57 2 1
digital.vasic.translator/pkg/coordination/multi_llm.go:189.57,195.3 1 1
digital.vasic.translator/pkg/coordination/multi_llm.go:198.2,198.60 1 1
digital.vasic.translator/pkg/coordination/multi_llm.go:198.60,204.3 1 0
digital.vasic.translator/pkg/coordination/multi_llm.go:207.2,207.56 1 1
digital.vasic.translator/pkg/coordination/multi_llm.go:207.56,213.3 1 0
digital.vasic.translator/pkg/coordination/multi_llm.go:216.2,216.59 1 1
digital.vasic.translator/pkg/coordination/multi_llm.go:216.59,222.3 1 1
digital.vasic.translator/pkg/coordination/multi_llm.go:226.2,226.55 1 1
digital.vasic.translator/pkg/coordination/multi_llm.go:226.55,232.3 1 0
digital.vasic.translator/pkg/coordination/multi_llm.go:232.8,232.47 1 1
digital.vasic.translator/pkg/coordination/multi_llm.go:232.47,235.20 2 1
digital.vasic.translator/pkg/coordination/multi_llm.go:235.20,240.40 2 1
digital.vasic.translator/pkg/coordination/multi_llm.go:240.40,241.44 1 1
digital.vasic.translator/pkg/coordination/multi_llm.go:241.44,247.11 2 1
digital.vasic.translator/pkg/coordination/multi_llm.go:255.2,255.66 1 1
digital.vasic.translator/pkg/coordination/multi_llm.go:255.66,261.3 1 0
digital.vasic.translator/pkg/coordination/multi_llm.go:263.2,263.18 1 1
digital.vasic.translator/pkg/coordination/multi_llm.go:271.19,272.27 1 1
digital.vasic.translator/pkg/coordination/multi_llm.go:272.27,274.3 1 1
digital.vasic.translator/pkg/coordination/multi_llm.go:276.2,279.71 3 1
digital.vasic.translator/pkg/coordination/multi_llm.go:279.71,282.22 2 1
digital.vasic.translator/pkg/coordination/multi_llm.go:282.22,284.9 2 0
digital.vasic.translator/pkg/coordination/multi_llm.go:288.3,288.34 1 1
digital.vasic.translator/pkg/coordination/multi_llm.go:288.34,289.12 1 0
digital.vasic.translator/pkg/coordination/multi_llm.go:292.3,307.37 4 1
digital.vasic.translator/pkg/coordination/multi_llm.go:307.37,320.4 3 1
digital.vasic.translator/pkg/coordination/multi_llm.go:322.3,326.90 3 0
digital.vasic.translator/pkg/coordination/multi_llm.go:326.90,329.4 2 0
digital.vasic.translator/pkg/coordination/multi_llm.go:332.3,332.48 1 0
digital.vasic.translator/pkg/coordination/multi_llm.go:332.48,334.4 1 0
digital.vasic.translator/pkg/coordination/multi_llm.go:337.2,338.43 1 0
digital.vasic.translator/pkg/coordination/multi_llm.go:347.19,348.42 1 1
digital.vasic.translator/pkg/coordination/multi_llm.go:348.42,350.3 1 1
digital.vasic.translator/pkg/coordination/multi_llm.go:352.2,352.28 1 1
digital.vasic.translator/pkg/coordination/multi_llm.go:352.28,354.3 1 1
digital.vasic.translator/pkg/coordination/multi_llm.go:357.2,366.65 4 1
digital.vasic.translator/pkg/coordination/multi_llm.go:366.65,368.26 2 1
digital.vasic.translator/pkg/coordination/multi_llm.go:368.26,369.12 1 0
digital.vasic.translator/pkg/coordination/multi_llm.go:372.3,373.30 2 1
digital.vasic.translator/pkg/coordination/multi_llm.go:373.30,380.4 2 1
digital.vasic.translator/pkg/coordination/multi_llm.go:384.2,387.37 3 1
digital.vasic.translator/pkg/coordination/multi_llm.go:387.37,389.46 2 1
digital.vasic.translator/pkg/coordination/multi_llm.go:389.46,390.26 1 1
digital.vasic.translator/pkg/coordination/multi_llm.go:390.26,392.5 1 1
digital.vasic.translator/pkg/coordination/multi_llm.go:393.4,393.35 1 1
digital.vasic.translator/pkg/coordination/multi_llm.go:398.2,401.47 3 1
digital.vasic.translator/pkg/coordination/multi_llm.go:401.47,402.23 1 1
digital.vasic.translator/pkg/coordination/multi_llm.go:402.23,405.4 2 1
digital.vasic.translator/pkg/coordination/multi_llm.go:408.2,408.27 1 1
digital.vasic.translator/pkg/coordination/multi_llm.go:408.27,419.3 2 1
digital.vasic.translator/pkg/coordination/multi_llm.go:422.2,422.53 1 0
digital.vasic.translator/pkg/coordination/multi_llm.go:426.62,430.27 3 1
digital.vasic.translator/pkg/coordination/multi_llm.go:430.27,432.3 1 0
digital.vasic.translator/pkg/coordination/multi_llm.go:435.2,436.6 2 1
digital.vasic.translator/pkg/coordination/multi_llm.go:436.6,440.25 3 1
digital.vasic.translator/pkg/coordination/multi_llm.go:440.25,442.4 1 1
digital.vasic.translator/pkg/coordination/multi_llm.go:445.3,445.35 1 1
digital.vasic.translator/pkg/coordination/multi_llm.go:445.35,447.4 1 0
digital.vasic.translator/pkg/coordination/multi_llm.go:452.102,466.2 5 1
digital.vasic.translator/pkg/coordination/multi_llm.go:469.54,473.2 3 1
digital.vasic.translator/pkg/coordination/multi_llm.go:476.58,478.39 2 1
digital.vasic.translator/pkg/coordination/multi_llm.go:478.39,480.3 1 1
digital.vasic.translator/pkg/coordination/multi_llm.go:482.2,483.34 2 1
digital.vasic.translator/pkg/coordination/multi_llm.go:483.34,485.3 1 1
digital.vasic.translator/pkg/coordination/multi_llm.go:486.2,486.13 1 1
digital.vasic.translator/pkg/coordination/multi_llm.go:490.61,491.23 1 1
digital.vasic.translator/pkg/coordination/multi_llm.go:491.23,493.3 1 1
digital.vasic.translator/pkg/coordination/multi_llm.go:497.59,498.23 1 1
digital.vasic.translator/pkg/coordination/multi_llm.go:498.23,504.3 1 0
digital.vasic.translator/pkg/coordination/multi_llm.go:508.55,509.42 1 1
digital.vasic.translator/pkg/coordination/multi_llm.go:509.42,511.3 1 1
digital.vasic.translator/pkg/coordination/multi_llm.go:512.2,512.21 1 1
digital.vasic.translator/pkg/coordination/translator_wrapper.go:16.153,18.2 1 1
digital.vasic.translator/pkg/coordination/translator_wrapper.go:21.210,32.41 2 1
digital.vasic.translator/pkg/coordination/translator_wrapper.go:32.41,35.3 1 0
digital.vasic.translator/pkg/coordination/translator_wrapper.go:37.2,40.8 1 1
digital.vasic.translator/pkg/coordination/translator_wrapper.go:44.113,46.2 1 1
digital.vasic.translator/pkg/coordination/translator_wrapper.go:55.19,57.2 1 1
digital.vasic.translator/pkg/coordination/translator_wrapper.go:60.54,62.2 1 1
digital.vasic.translator/pkg/coordination/translator_wrapper.go:65.76,74.2 1 1
digital.vasic.translator/pkg/batch/processor.go:72.68,76.2 1 1
digital.vasic.translator/pkg/batch/processor.go:79.84,80.30 1 1
digital.vasic.translator/pkg/batch/processor.go:81.23,82.31 1 1
digital.vasic.translator/pkg/batch/processor.go:83.22,84.30 1 1
digital.vasic.translator/pkg/batch/processor.go:85.26,86.34 1 1
digital.vasic.translator/pkg/batch/processor.go:87.21,89.17 2 1
digital.vasic.translator/pkg/batch/processor.go:89.17,96.4 1 0
digital.vasic.translator/pkg/batch/processor.go:97.3,97.42 1 1
digital.vasic.translator/pkg/batch/processor.go:98.10,99.77 1 0
digital.vasic.translator/pkg/batch/processor.go:104.90,105.34 1 1
digital.vasic.translator/pkg/batch/processor.go:105.34,107.3 1 1
digital.vasic.translator/pkg/batch/processor.go:110.2,111.16 2 1
digital.vasic.translator/pkg/batch/processor.go:111.16,118.3 1 0
digital.vasic.translator/pkg/batch/processor.go:121.2,121.33 1 1
digital.vasic.translator/pkg/batch/processor.go:121.33,123.17 2 1
digital.vasic.translator/pkg/batch/processor.go:123.17,130.4 1 0
digital.vasic.translator/pkg/batch/processor.go:131.8,134.3 1 1
digital.vasic.translator/pkg/batch/processor.go:136.2,141.9 1 1
digital.vasic.translator/pkg/batch/processor.go:145.89,147.19 2 1
digital.vasic.translator/pkg/batch/processor.go:147.19,149.3 1 0
digital.vasic.translator/pkg/batch/processor.go:152.2,153.16 2 1
digital.vasic.translator/pkg/batch/processor.go:153.16,160.3 1 0
digital.vasic.translator/pkg/batch/processor.go:163.2,164.16 2 1
digital.vasic.translator/pkg/batch/processor.go:164.16,171.3 1 0
digital.vasic.translator/pkg/batch/processor.go:174.2,174.33 1 1
digital.vasic.translator/pkg/batch/processor.go:174.33,176.17 2 1
digital.vasic.translator/pkg/batch/processor.go:176.17,183.4 1 0
digital.vasic.translator/pkg/batch/processor.go:184.8,186.3 1 1
digital.vasic.translator/pkg/batch/processor.go:188.2,193.9 1 1
digital.vasic.translator/pkg/batch/processor.go:197.93,198.32 1 1
digital.vasic.translator/pkg/batch/processor.go:198.32,200.3 1 0
digital.vasic.translator/pkg/batch/processor.go:203.2,204.16 2 1
digital.vasic.translator/pkg/batch/processor.go:204.16,206.3 1 0
digital.vasic.translator/pkg/batch/processor.go:207.2,207.19 1 1
digital.vasic.translator/pkg/batch/processor.go:207.19,209.3 1 0
digital.vasic.translator/pkg/batch/processor.go:212.2,213.16 2 1
digital.vasic.translator/pkg/batch/processor.go:213.16,215.3 1 0
digital.vasic.translator/pkg/batch/processor.go:217.2,217.21 1 1
digital.vasic.translator/pkg/batch/processor.go:217.21,219.3 1 0
digital.vasic.translator/pkg/batch/processor.go:222.2,222.32 1 1
digital.vasic.translator/pkg/batch/processor.go:222.32,233.3 1 0
digital.vasic.translator/pkg/batch/processor.go:236.2,236.25 1 1
digital.vasic.translator/pkg/batch/processor.go:236.25,238.3 1 1
digital.vasic.translator/pkg/batch/processor.go:239.2,239.46 1 1
digital.vasic.translator/pkg/batch/processor.go:243.92,247.65 3 1
digital.vasic.translator/pkg/batch/processor.go:247.65,248.17 1 1
digital.vasic.translator/pkg/batch/processor.go:248.17,250.4 1 0
digital.vasic.translator/pkg/batch/processor.go:253.3,253.19 1 1
digital.vasic.translator/pkg/batch/processor.go:253.19,254.33 1 1
digital.vasic.translator/pkg/batch/processor.go:254.33,256.5 1 1
digital.vasic.translator/pkg/batch/processor.go:257.4,257.14 1 1
digital.vasic.translator/pkg/batch/processor.go:261.3,262.57 2 1
digital.vasic.translator/pkg/batch/processor.go:262.57,264.4 1 1
digital.vasic.translator/pkg/batch/processor.go:266.3,266.13 1 1
digital.vasic.translator/pkg/batch/processor.go:269.2,270.16 2 1
digital.vasic.translator/pkg/batch/processor.go:270.16,272.3 1 0
digital.vasic.translator/pkg/batch/processor.go:274.2,274.19 1 1
digital.vasic.translator/pkg/batch/processor.go:278.115,281.29 2 1
digital.vasic.translator/pkg/batch/processor.go:281.29,284.17 2 1
digital.vasic.translator/pkg/batch/processor.go:284.17,291.12 2 0
digital.vasic.translator/pkg/batch/processor.go:295.3,295.33 1 1
digital.vasic.translator/pkg/batch/processor.go:295.33,307.4 1 0
digital.vasic.translator/pkg/batch/processor.go:310.3,311.17 2 1
digital.vasic.translator/pkg/batch/processor.go:311.17,318.12 2 0
digital.vasic.translator/pkg/batch/processor.go:321.3,321.37 1 1
digital.vasic.translator/pkg/batch/processor.go:324.2,324.21 1 1
digital.vasic.translator/pkg/batch/processor.go:328.113,330.21 2 1
digital.vasic.translator/pkg/batch/processor.go:330.21,332.3 1 0
digital.vasic.translator/pkg/batch/processor.go:334.2,338.29 4 1
digital.vasic.translator/pkg/batch/processor.go:338.29,340.37 2 1
digital.vasic.translator/pkg/batch/processor.go:340.37,345.17 3 1
digital.vasic.translator/pkg/batch/processor.go:345.17,345.32 1 1
digital.vasic.translator/pkg/batch/processor.go:348.4,349.18 2 1
digital.vasic.translator/pkg/batch/processor.go:349.18,357.5 2 0
digital.vasic.translator/pkg/batch/processor.go:360.4,360.34 1 1
digital.vasic.translator/pkg/batch/processor.go:360.34,370.5 1 0
digital.vasic.translator/pkg/batch/processor.go:373.4,374.18 2 1
digital.vasic.translator/pkg/batch/processor.go:374.18,382.5 2 0
digital.vasic.translator/pkg/batch/processor.go:384.4,384.26 1 1
digital.vasic.translator/pkg/batch/processor.go:388.2,390.21 2 1
digital.vasic.translator/pkg/batch/processor.go:394.117,398.16 3 1
digital.vasic.translator/pkg/batch/processor.go:398.16,400.3 1 0
digital.vasic.translator/pkg/batch/processor.go:408.2,410.16 3 1
digital.vasic.translator/pkg/batch/processor.go:410.16,412.3 1 0
digital.vasic.translator/pkg/batch/processor.go:414.2,419.8 1 1
digital.vasic.translator/pkg/batch/processor.go:423.79,424.33 1 1
digital.vasic.translator/pkg/batch/processor.go:424.33,430.25 5 1
digital.vasic.translator/pkg/batch/processor.go:430.25,432.4 1 0
digital.vasic.translator/pkg/batch/processor.go:433.3,433.64 1 1
digital.vasic.translator/pkg/batch/processor.go:437.2,438.39 2 1
digital.vasic.translator/pkg/batch/processor.go:438.39,440.3 1 0
digital.vasic.translator/pkg/batch/processor.go:442.2,444.18 2 1
digital.vasic.translator/pkg/batch/processor.go:444.18,447.3 1 1
digital.vasic.translator/pkg/batch/processor.go:451.2,452.16 2 1
digital.vasic.translator/pkg/batch/processor.go:452.16,454.3 1 0
digital.vasic.translator/pkg/batch/processor.go:457.2,461.24 5 1
digital.vasic.translator/pkg/batch/processor.go:461.24,463.3 1 0
digital.vasic.translator/pkg/batch/processor.go:465.2,471.16 5 1
digital.vasic.translator/pkg/batch/processor.go:471.16,473.3 1 0
digital.vasic.translator/pkg/batch/processor.go:475.2,475.24 1 1
digital.vasic.translator/pkg/deployment/api_logger.go:19.81,21.16 2 1
digital.vasic.translator/pkg/deployment/api_logger.go:21.16,23.3 1 1
digital.vasic.translator/pkg/deployment/api_logger.go:25.2,30.8 2 1
digital.vasic.translator/pkg/deployment/api_logger.go:34.90,41.30 4 1
digital.vasic.translator/pkg/deployment/api_logger.go:41.30,45.31 3 1
digital.vasic.translator/pkg/deployment/api_logger.go:45.31,47.4 1 1
digital.vasic.translator/pkg/deployment/api_logger.go:48.3,55.13 1 1
digital.vasic.translator/pkg/deployment/api_logger.go:56.8,61.32 4 1
digital.vasic.translator/pkg/deployment/api_logger.go:61.32,63.4 1 1
digital.vasic.translator/pkg/deployment/api_logger.go:64.3,78.27 3 1
digital.vasic.translator/pkg/deployment/api_logger.go:78.27,80.4 1 0
digital.vasic.translator/pkg/deployment/api_logger.go:83.2,84.12 2 1
digital.vasic.translator/pkg/deployment/api_logger.go:88.177,101.12 2 1
digital.vasic.translator/pkg/deployment/api_logger.go:101.12,102.53 1 1
digital.vasic.translator/pkg/deployment/api_logger.go:102.53,104.4 1 0
digital.vasic.translator/pkg/deployment/api_logger.go:107.2,107.14 1 1
digital.vasic.translator/pkg/deployment/api_logger.go:111.147,117.16 5 1
digital.vasic.translator/pkg/deployment/api_logger.go:117.16,119.3 1 0
digital.vasic.translator/pkg/deployment/api_logger.go:122.2,122.12 1 1
digital.vasic.translator/pkg/deployment/api_logger.go:122.12,123.59 1 1
digital.vasic.translator/pkg/deployment/api_logger.go:123.59,125.4 1 0
digital.vasic.translator/pkg/deployment/api_logger.go:130.87,137.2 3 1
digital.vasic.translator/pkg/deployment/api_logger.go:140.50,144.24 3 1
digital.vasic.translator/pkg/deployment/api_logger.go:144.24,146.3 1 1
digital.vasic.translator/pkg/deployment/api_logger.go:147.2,147.12 1 0
digital.vasic.translator/pkg/deployment/api_logger.go:151.70,160.2 1 1
digital.vasic.translator/pkg/deployment/api_logger.go:165.65,166.33 1 1
digital.vasic.translator/pkg/deployment/api_logger.go:166.33,168.3 1 0
digital.vasic.translator/pkg/deployment/api_logger.go:169.2,169.15 1 1
digital.vasic.translator/pkg/deployment/api_logger.go:173.75,174.21 1 1
digital.vasic.translator/pkg/deployment/api_logger.go:174.21,176.3 1 1
digital.vasic.translator/pkg/deployment/api_logger.go:177.2,177.42 1 0
digital.vasic.translator/pkg/deployment/api_logger.go:181.73,182.20 1 1
digital.vasic.translator/pkg/deployment/api_logger.go:183.11,184.14 1 1
digital.vasic.translator/pkg/deployment/api_logger.go:185.11,186.19 1 0
digital.vasic.translator/pkg/deployment/api_logger.go:187.11,188.22 1 0
digital.vasic.translator/pkg/deployment/api_logger.go:189.11,190.23 1 0
digital.vasic.translator/pkg/deployment/api_logger.go:191.11,192.24 1 0
digital.vasic.translator/pkg/deployment/api_logger.go:193.11,194.21 1 0
digital.vasic.translator/pkg/deployment/api_logger.go:195.11,196.21 1 0
digital.vasic.translator/pkg/deployment/api_logger.go:197.11,198.30 1 0
digital.vasic.translator/pkg/deployment/api_logger.go:199.11,200.20 1 0
digital.vasic.translator/pkg/deployment/api_logger.go:201.11,202.32 1 0
digital.vasic.translator/pkg/deployment/api_logger.go:203.11,204.29 1 0
digital.vasic.translator/pkg/deployment/api_logger.go:205.11,206.33 1 0
digital.vasic.translator/pkg/deployment/api_logger.go:207.11,208.23 1 0
digital.vasic.translator/pkg/deployment/api_logger.go:209.11,210.31 1 0
digital.vasic.translator/pkg/deployment/api_logger.go:211.11,212.27 1 0
digital.vasic.translator/pkg/deployment/api_logger.go:213.10,214.12 1 0
digital.vasic.translator/pkg/deployment/docker_orchestrator.go:68.95,81.2 4 1
digital.vasic.translator/pkg/deployment/docker_orchestrator.go:84.89,97.81 3 1
digital.vasic.translator/pkg/deployment/docker_orchestrator.go:97.81,99.3 1 0
digital.vasic.translator/pkg/deployment/docker_orchestrator.go:102.2,102.38 1 1
digital.vasic.translator/pkg/deployment/docker_orchestrator.go:102.38,104.84 2 1
digital.vasic.translator/pkg/deployment/docker_orchestrator.go:104.84,106.4 1 0
digital.vasic.translator/pkg/deployment/docker_orchestrator.go:110.2,114.72 3 1
digital.vasic.translator/pkg/deployment/docker_orchestrator.go:114.72,116.3 1 0
digital.vasic.translator/pkg/deployment/docker_orchestrator.go:118.2,119.25 2 1
digital.vasic.translator/pkg/deployment/docker_orchestrator.go:123.136,135.33 2 1
digital.vasic.translator/pkg/deployment/docker_orchestrator.go:135.33,137.52 2 1
digital.vasic.translator/pkg/deployment/docker_orchestrator.go:137.52,139.4 1 0
digital.vasic.translator/pkg/deployment/docker_orchestrator.go:140.3,140.49 1 1
digital.vasic.translator/pkg/deployment/docker_orchestrator.go:144.2,144.37 1 1
digital.vasic.translator/pkg/deployment/docker_orchestrator.go:144.37,146.22 2 1
digital.vasic.translator/pkg/deployment/docker_orchestrator.go:146.22,148.4 1 1
digital.vasic.translator/pkg/deployment/docker_orchestrator.go:149.3,149.55 1 1
digital.vasic.translator/pkg/deployment/docker_orchestrator.go:153.2,153.28 1 1
digital.vasic.translator/pkg/deployment/docker_orchestrator.go:153.28,161.3 1 0
digital.vasic.translator/pkg/deployment/docker_orchestrator.go:163.2,164.12 2 1
digital.vasic.translator/pkg/deployment/docker_orchestrator.go:168.89,206.2 4 1
digital.vasic.translator/pkg/deployment/docker_orchestrator.go:209.45,210.12 1 1
digital.vasic.translator/pkg/deployment/docker_orchestrator.go:210.12,212.3 1 1
digital.vasic.translator/pkg/deployment/docker_orchestrator.go:213.2,213.19 1 1
digital.vasic.translator/pkg/deployment/docker_orchestrator.go:217.96,219.16 2 1
digital.vasic.translator/pkg/deployment/docker_orchestrator.go:219.16,221.3 1 1
digital.vasic.translator/pkg/deployment/docker_orchestrator.go:222.2,226.31 4 1
digital.vasic.translator/pkg/deployment/docker_orchestrator.go:230.96,236.16 4 0
digital.vasic.translator/pkg/deployment/docker_orchestrator.go:236.16,238.3 1 0
digital.vasic.translator/pkg/deployment/docker_orchestrator.go:239.2,239.15 1 0
digital.vasic.translator/pkg/deployment/docker_orchestrator.go:239.15,239.39 1 0
digital.vasic.translator/pkg/deployment/docker_orchestrator.go:241.2,241.45 1 0
digital.vasic.translator/pkg/deployment/docker_orchestrator.go:241.45,243.3 1 0
digital.vasic.translator/pkg/deployment/docker_orchestrator.go:246.2,246.58 1 0
digital.vasic.translator/pkg/deployment/docker_orchestrator.go:246.58,248.3 1 0
digital.vasic.translator/pkg/deployment/docker_orchestrator.go:251.2,251.62 1 0
digital.vasic.translator/pkg/deployment/docker_orchestrator.go:251.62,253.3 1 0
digital.vasic.translator/pkg/deployment/docker_orchestrator.go:256.2,256.67 1 0
digital.vasic.translator/pkg/deployment/docker_orchestrator.go:256.67,258.3 1 0
digital.vasic.translator/pkg/deployment/docker_orchestrator.go:260.2,269.12 2 0
digital.vasic.translator/pkg/deployment/docker_orchestrator.go:273.92,278.16 4 1
digital.vasic.translator/pkg/deployment/docker_orchestrator.go:278.16,280.3 1 1
digital.vasic.translator/pkg/deployment/docker_orchestrator.go:282.2,283.12 2 0
digital.vasic.translator/pkg/deployment/docker_orchestrator.go:287.100,294.6 5 0
digital.vasic.translator/pkg/deployment/docker_orchestrator.go:294.6,295.10 1 0
digital.vasic.translator/pkg/deployment/docker_orchestrator.go:296.21,297.20 1 0
digital.vasic.translator/pkg/deployment/docker_orchestrator.go:298.18,299.71 1 0
digital.vasic.translator/pkg/deployment/docker_orchestrator.go:300.19,301.75 1 0
digital.vasic.translator/pkg/deployment/docker_orchestrator.go:301.75,303.5 1 0
digital.vasic.translator/pkg/deployment/docker_orchestrator.go:303.10,303.22 1 0
digital.vasic.translator/pkg/deployment/docker_orchestrator.go:303.22,306.5 2 0
digital.vasic.translator/pkg/deployment/docker_orchestrator.go:312.105,317.16 4 0
digital.vasic.translator/pkg/deployment/docker_orchestrator.go:317.16,319.3 1 0
digital.vasic.translator/pkg/deployment/docker_orchestrator.go:323.2,324.86 2 0
digital.vasic.translator/pkg/deployment/docker_orchestrator.go:324.86,326.3 1 0
digital.vasic.translator/pkg/deployment/docker_orchestrator.go:328.2,328.19 1 0
digital.vasic.translator/pkg/deployment/docker_orchestrator.go:332.105,337.16 4 1
digital.vasic.translator/pkg/deployment/docker_orchestrator.go:337.16,339.3 1 1
digital.vasic.translator/pkg/deployment/docker_orchestrator.go:341.2,342.12 2 0
digital.vasic.translator/pkg/deployment/docker_orchestrator.go:346.114,351.16 4 1
digital.vasic.translator/pkg/deployment/docker_orchestrator.go:351.16,353.3 1 1
digital.vasic.translator/pkg/deployment/docker_orchestrator.go:355.2,355.28 1 0
digital.vasic.translator/pkg/deployment/docker_orchestrator.go:359.73,366.16 5 1
digital.vasic.translator/pkg/deployment/docker_orchestrator.go:366.16,368.3 1 1
digital.vasic.translator/pkg/deployment/docker_orchestrator.go:370.2,371.12 2 0
digital.vasic.translator/pkg/deployment/docker_orchestrator.go:375.102,379.71 2 1
digital.vasic.translator/pkg/deployment/docker_orchestrator.go:379.71,381.3 1 1
digital.vasic.translator/pkg/deployment/docker_orchestrator.go:384.2,384.75 1 0
digital.vasic.translator/pkg/deployment/docker_orchestrator.go:384.75,386.3 1 0
digital.vasic.translator/pkg/deployment/docker_orchestrator.go:389.2,389.67 1 0
digital.vasic.translator/pkg/deployment/docker_orchestrator.go:389.67,391.3 1 0
digital.vasic.translator/pkg/deployment/docker_orchestrator.go:393.2,404.12 3 0
digital.vasic.translator/pkg/deployment/docker_orchestrator.go:408.93,411.74 2 1
digital.vasic.translator/pkg/deployment/docker_orchestrator.go:411.74,413.3 1 1
digital.vasic.translator/pkg/deployment/docker_orchestrator.go:416.2,416.67 1 0
digital.vasic.translator/pkg/deployment/docker_orchestrator.go:416.67,418.3 1 0
digital.vasic.translator/pkg/deployment/docker_orchestrator.go:420.2,430.12 3 0
digital.vasic.translator/pkg/deployment/docker_orchestrator.go:434.76,438.58 2 1
digital.vasic.translator/pkg/deployment/docker_orchestrator.go:438.58,440.3 1 1
digital.vasic.translator/pkg/deployment/docker_orchestrator.go:443.2,443.62 1 0
digital.vasic.translator/pkg/deployment/docker_orchestrator.go:443.62,445.3 1 0
digital.vasic.translator/pkg/deployment/docker_orchestrator.go:448.2,448.70 1 0
digital.vasic.translator/pkg/deployment/docker_orchestrator.go:448.70,450.3 1 0
digital.vasic.translator/pkg/deployment/docker_orchestrator.go:452.2,459.12 3 0
digital.vasic.translator/pkg/deployment/docker_orchestrator.go:463.77,466.61 2 1
digital.vasic.translator/pkg/deployment/docker_orchestrator.go:466.61,468.3 1 1
digital.vasic.translator/pkg/deployment/docker_orchestrator.go:471.2,471.70 1 0
digital.vasic.translator/pkg/deployment/docker_orchestrator.go:471.70,473.3 1 0
digital.vasic.translator/pkg/deployment/docker_orchestrator.go:475.2,482.12 3 0
digital.vasic.translator/pkg/deployment/docker_orchestrator.go:486.100,493.6 5 1
digital.vasic.translator/pkg/deployment/docker_orchestrator.go:493.6,494.10 1 1
digital.vasic.translator/pkg/deployment/docker_orchestrator.go:495.21,496.20 1 1
digital.vasic.translator/pkg/deployment/docker_orchestrator.go:497.18,498.86 1 0
digital.vasic.translator/pkg/deployment/docker_orchestrator.go:499.19,500.75 1 0
digital.vasic.translator/pkg/deployment/docker_orchestrator.go:500.75,502.5 1 0
digital.vasic.translator/pkg/deployment/docker_orchestrator.go:502.10,502.22 1 0
digital.vasic.translator/pkg/deployment/docker_orchestrator.go:502.22,505.5 2 0
digital.vasic.translator/pkg/deployment/docker_orchestrator.go:511.105,516.16 4 1
digital.vasic.translator/pkg/deployment/docker_orchestrator.go:516.16,518.3 1 1
digital.vasic.translator/pkg/deployment/docker_orchestrator.go:521.2,522.86 2 0
digital.vasic.translator/pkg/deployment/docker_orchestrator.go:522.86,524.3 1 0
digital.vasic.translator/pkg/deployment/docker_orchestrator.go:526.2,526.19 1 0
digital.vasic.translator/pkg/deployment/docker_orchestrator.go:530.105,535.16 4 1
digital.vasic.translator/pkg/deployment/docker_orchestrator.go:535.16,537.3 1 1
digital.vasic.translator/pkg/deployment/docker_orchestrator.go:539.2,539.47 1 0
digital.vasic.translator/pkg/deployment/docker_orchestrator.go:543.47,546.52 2 1
digital.vasic.translator/pkg/deployment/docker_orchestrator.go:546.52,548.3 1 0
digital.vasic.translator/pkg/deployment/docker_orchestrator.go:550.2,550.12 1 1
digital.vasic.translator/pkg/deployment/docker_orchestrator.go:554.61,555.24 1 1
digital.vasic.translator/pkg/deployment/docker_orchestrator.go:555.24,557.3 1 1
digital.vasic.translator/pkg/deployment/network_discovery.go:31.86,43.2 2 1
digital.vasic.translator/pkg/deployment/network_discovery.go:46.115,51.16 3 1
digital.vasic.translator/pkg/deployment/network_discovery.go:51.16,53.3 1 0
digital.vasic.translator/pkg/deployment/network_discovery.go:54.2,60.12 5 1
digital.vasic.translator/pkg/deployment/network_discovery.go:64.72,69.16 3 1
digital.vasic.translator/pkg/deployment/network_discovery.go:69.16,71.3 1 0
digital.vasic.translator/pkg/deployment/network_discovery.go:72.2,78.12 5 1
digital.vasic.translator/pkg/deployment/network_discovery.go:82.80,84.16 2 1
digital.vasic.translator/pkg/deployment/network_discovery.go:84.16,86.3 1 0
digital.vasic.translator/pkg/deployment/network_discovery.go:88.2,89.16 2 1
digital.vasic.translator/pkg/deployment/network_discovery.go:89.16,91.3 1 0
digital.vasic.translator/pkg/deployment/network_discovery.go:93.2,93.18 1 1
digital.vasic.translator/pkg/deployment/network_discovery.go:97.80,99.16 2 1
digital.vasic.translator/pkg/deployment/network_discovery.go:99.16,101.3 1 0
digital.vasic.translator/pkg/deployment/network_discovery.go:103.2,104.16 2 1
digital.vasic.translator/pkg/deployment/network_discovery.go:104.16,106.3 1 0
digital.vasic.translator/pkg/deployment/network_discovery.go:108.2,108.18 1 1
digital.vasic.translator/pkg/deployment/network_discovery.go:112.105,117.6 4 1
digital.vasic.translator/pkg/deployment/network_discovery.go:117.6,118.10 1 1
digital.vasic.translator/pkg/deployment/network_discovery.go:119.21,120.10 1 1
digital.vasic.translator/pkg/deployment/network_discovery.go:121.24,122.10 1 0
digital.vasic.translator/pkg/deployment/network_discovery.go:123.19,124.35 1 0
digital.vasic.translator/pkg/deployment/network_discovery.go:130.88,131.37 1 0
digital.vasic.translator/pkg/deployment/network_discovery.go:131.37,145.58 2 0
digital.vasic.translator/pkg/deployment/network_discovery.go:145.58,147.4 1 0
digital.vasic.translator/pkg/deployment/network_discovery.go:152.83,154.16 2 0
digital.vasic.translator/pkg/deployment/network_discovery.go:154.16,156.3 1 0
digital.vasic.translator/pkg/deployment/network_discovery.go:158.2,159.12 2 0
digital.vasic.translator/pkg/deployment/network_discovery.go:163.65,168.6 3 1
digital.vasic.translator/pkg/deployment/network_discovery.go:168.6,169.10 1 1
digital.vasic.translator/pkg/deployment/network_discovery.go:170.21,171.10 1 1
digital.vasic.translator/pkg/deployment/network_discovery.go:172.24,173.10 1 0
digital.vasic.translator/pkg/deployment/network_discovery.go:174.11,175.92 1 1
digital.vasic.translator/pkg/deployment/network_discovery.go:175.92,177.13 2 0
digital.vasic.translator/pkg/deployment/network_discovery.go:180.4,181.18 2 1
digital.vasic.translator/pkg/deployment/network_discovery.go:181.18,182.62 1 1
digital.vasic.translator/pkg/deployment/network_discovery.go:182.62,183.14 1 0
digital.vasic.translator/pkg/deployment/network_discovery.go:185.5,186.13 2 1
digital.vasic.translator/pkg/deployment/network_discovery.go:189.4,189.70 1 0
digital.vasic.translator/pkg/deployment/network_discovery.go:189.70,191.5 1 0
digital.vasic.translator/pkg/deployment/network_discovery.go:197.91,199.55 2 0
digital.vasic.translator/pkg/deployment/network_discovery.go:199.55,201.3 1 0
digital.vasic.translator/pkg/deployment/network_discovery.go:204.2,204.40 1 0
digital.vasic.translator/pkg/deployment/network_discovery.go:204.40,206.3 1 0
digital.vasic.translator/pkg/deployment/network_discovery.go:208.2,226.12 6 0
digital.vasic.translator/pkg/deployment/network_discovery.go:230.66,234.2 1 0
digital.vasic.translator/pkg/deployment/network_discovery.go:237.77,238.73 1 1
digital.vasic.translator/pkg/deployment/network_discovery.go:238.73,240.3 1 1
digital.vasic.translator/pkg/deployment/network_discovery.go:241.2,241.36 1 1
digital.vasic.translator/pkg/deployment/network_discovery.go:241.36,243.3 1 1
digital.vasic.translator/pkg/deployment/network_discovery.go:244.2,244.18 1 1
digital.vasic.translator/pkg/deployment/network_discovery.go:248.38,252.2 1 1
digital.vasic.translator/pkg/deployment/network_discovery.go:254.44,255.43 1 1
digital.vasic.translator/pkg/deployment/network_discovery.go:255.43,256.35 1 1
digital.vasic.translator/pkg/deployment/network_discovery.go:256.35,258.4 1 1
digital.vasic.translator/pkg/deployment/network_discovery.go:260.2,260.14 1 1
digital.vasic.translator/pkg/deployment/network_discovery.go:264.81,270.39 4 1
digital.vasic.translator/pkg/deployment/network_discovery.go:270.39,271.46 1 1
digital.vasic.translator/pkg/deployment/network_discovery.go:271.46,273.4 1 1
digital.vasic.translator/pkg/deployment/network_discovery.go:276.2,277.32 2 1
digital.vasic.translator/pkg/deployment/network_discovery.go:277.32,279.3 1 0
digital.vasic.translator/pkg/deployment/network_discovery.go:280.2,280.15 1 1
digital.vasic.translator/pkg/deployment/network_discovery.go:284.121,288.2 1 0
digital.vasic.translator/pkg/deployment/network_discovery.go:291.44,296.29 3 1
digital.vasic.translator/pkg/deployment/network_discovery.go:296.29,298.3 1 1
digital.vasic.translator/pkg/deployment/network_discovery.go:300.2,300.29 1 1
digital.vasic.translator/pkg/deployment/network_discovery.go:300.29,302.3 1 1
digital.vasic.translator/pkg/deployment/network_discovery.go:304.2,305.12 2 1
digital.vasic.translator/pkg/deployment/orchestrator.go:82.103,96.16 6 1
digital.vasic.translator/pkg/deployment/orchestrator.go:96.16,99.3 2 0
digital.vasic.translator/pkg/deployment/orchestrator.go:101.2,109.3 1 1
digital.vasic.translator/pkg/deployment/orchestrator.go:113.118,117.66 2 1
digital.vasic.translator/pkg/deployment/orchestrator.go:117.66,119.3 1 1
digital.vasic.translator/pkg/deployment/orchestrator.go:122.2,122.72 1 0
digital.vasic.translator/pkg/deployment/orchestrator.go:122.72,124.3 1 0
digital.vasic.translator/pkg/deployment/orchestrator.go:127.2,127.48 1 0
digital.vasic.translator/pkg/deployment/orchestrator.go:127.48,128.67 1 0
digital.vasic.translator/pkg/deployment/orchestrator.go:128.67,130.12 2 0
digital.vasic.translator/pkg/deployment/orchestrator.go:135.2,135.68 1 0
digital.vasic.translator/pkg/deployment/orchestrator.go:135.68,137.3 1 0
digital.vasic.translator/pkg/deployment/orchestrator.go:140.2,140.59 1 0
digital.vasic.translator/pkg/deployment/orchestrator.go:140.59,142.3 1 0
digital.vasic.translator/pkg/deployment/orchestrator.go:144.2,155.12 2 0
digital.vasic.translator/pkg/deployment/orchestrator.go:159.104,164.16 3 0
digital.vasic.translator/pkg/deployment/orchestrator.go:164.16,166.3 1 0
digital.vasic.translator/pkg/deployment/orchestrator.go:169.2,173.16 3 0
digital.vasic.translator/pkg/deployment/orchestrator.go:173.16,175.3 1 0
digital.vasic.translator/pkg/deployment/orchestrator.go:178.2,193.12 6 0
digital.vasic.translator/pkg/deployment/orchestrator.go:197.117,202.16 3 0
digital.vasic.translator/pkg/deployment/orchestrator.go:202.16,204.3 1 0
digital.vasic.translator/pkg/deployment/orchestrator.go:207.2,210.28 2 0
digital.vasic.translator/pkg/deployment/orchestrator.go:210.28,212.3 1 0
digital.vasic.translator/pkg/deployment/orchestrator.go:213.2,218.16 4 0
digital.vasic.translator/pkg/deployment/orchestrator.go:218.16,220.3 1 0
digital.vasic.translator/pkg/deployment/orchestrator.go:223.2,238.12 6 0
digital.vasic.translator/pkg/deployment/orchestrator.go:242.98,243.62 1 1
digital.vasic.translator/pkg/deployment/orchestrator.go:243.62,244.37 1 1
digital.vasic.translator/pkg/deployment/orchestrator.go:244.37,246.4 1 1
digital.vasic.translator/pkg/deployment/orchestrator.go:248.2,248.98 1 0
digital.vasic.translator/pkg/deployment/orchestrator.go:252.79,255.16 3 1
digital.vasic.translator/pkg/deployment/orchestrator.go:255.16,257.3 1 1
digital.vasic.translator/pkg/deployment/orchestrator.go:258.2,259.14 2 0
digital.vasic.translator/pkg/deployment/orchestrator.go:263.104,270.6 5 0
digital.vasic.translator/pkg/deployment/orchestrator.go:270.6,271.10 1 0
digital.vasic.translator/pkg/deployment/orchestrator.go:272.21,273.20 1 0
digital.vasic.translator/pkg/deployment/orchestrator.go:274.18,275.58 1 0
digital.vasic.translator/pkg/deployment/orchestrator.go:276.19,280.42 3 0
digital.vasic.translator/pkg/deployment/orchestrator.go:280.42,282.19 2 0
digital.vasic.translator/pkg/deployment/orchestrator.go:282.19,285.14 3 0
digital.vasic.translator/pkg/deployment/orchestrator.go:288.5,288.17 1 0
digital.vasic.translator/pkg/deployment/orchestrator.go:288.17,290.14 2 0
digital.vasic.translator/pkg/deployment/orchestrator.go:293.5,296.25 4 0
digital.vasic.translator/pkg/deployment/orchestrator.go:298.4,300.18 2 0
digital.vasic.translator/pkg/deployment/orchestrator.go:300.18,303.5 2 0
digital.vasic.translator/pkg/deployment/orchestrator.go:309.118,312.2 2 0
digital.vasic.translator/pkg/deployment/orchestrator.go:315.89,319.74 2 0
digital.vasic.translator/pkg/deployment/orchestrator.go:319.74,321.3 1 0
digital.vasic.translator/pkg/deployment/orchestrator.go:324.2,324.58 1 0
digital.vasic.translator/pkg/deployment/orchestrator.go:324.58,326.3 1 0
digital.vasic.translator/pkg/deployment/orchestrator.go:328.2,329.12 2 0
digital.vasic.translator/pkg/deployment/orchestrator.go:333.86,334.22 1 1
digital.vasic.translator/pkg/deployment/orchestrator.go:334.22,336.3 1 1
digital.vasic.translator/pkg/deployment/orchestrator.go:338.2,338.28 1 1
digital.vasic.translator/pkg/deployment/orchestrator.go:338.28,340.3 1 1
digital.vasic.translator/pkg/deployment/orchestrator.go:343.2,343.61 1 1
digital.vasic.translator/pkg/deployment/orchestrator.go:343.61,345.3 1 0
digital.vasic.translator/pkg/deployment/orchestrator.go:348.2,348.38 1 1
digital.vasic.translator/pkg/deployment/orchestrator.go:348.38,349.59 1 1
digital.vasic.translator/pkg/deployment/orchestrator.go:349.59,351.4 1 0
digital.vasic.translator/pkg/deployment/orchestrator.go:354.2,354.12 1 1
digital.vasic.translator/pkg/deployment/orchestrator.go:358.87,359.20 1 1
digital.vasic.translator/pkg/deployment/orchestrator.go:359.20,361.3 1 0
digital.vasic.translator/pkg/deployment/orchestrator.go:363.2,363.20 1 1
digital.vasic.translator/pkg/deployment/orchestrator.go:363.20,365.3 1 0
digital.vasic.translator/pkg/deployment/orchestrator.go:367.2,367.27 1 1
digital.vasic.translator/pkg/deployment/orchestrator.go:367.27,369.3 1 0
digital.vasic.translator/pkg/deployment/orchestrator.go:371.2,371.29 1 1
digital.vasic.translator/pkg/deployment/orchestrator.go:371.29,373.3 1 0
digital.vasic.translator/pkg/deployment/orchestrator.go:375.2,375.25 1 1
digital.vasic.translator/pkg/deployment/orchestrator.go:375.25,377.3 1 0
digital.vasic.translator/pkg/deployment/orchestrator.go:379.2,379.12 1 1
digital.vasic.translator/pkg/deployment/orchestrator.go:383.64,387.39 3 0
digital.vasic.translator/pkg/deployment/orchestrator.go:387.39,388.44 1 0
digital.vasic.translator/pkg/deployment/orchestrator.go:388.44,390.4 1 0
digital.vasic.translator/pkg/deployment/orchestrator.go:392.2,392.11 1 0
digital.vasic.translator/pkg/deployment/orchestrator.go:396.87,401.32 4 1
digital.vasic.translator/pkg/deployment/orchestrator.go:401.32,403.3 1 1
digital.vasic.translator/pkg/deployment/orchestrator.go:404.2,404.15 1 1
digital.vasic.translator/pkg/deployment/orchestrator.go:408.65,409.24 1 0
digital.vasic.translator/pkg/deployment/orchestrator.go:409.24,411.3 1 0
digital.vasic.translator/pkg/deployment/orchestrator.go:415.106,422.13 5 0
digital.vasic.translator/pkg/deployment/orchestrator.go:422.13,424.3 1 0
digital.vasic.translator/pkg/deployment/orchestrator.go:427.2,431.16 3 0
digital.vasic.translator/pkg/deployment/orchestrator.go:431.16,433.3 1 0
digital.vasic.translator/pkg/deployment/orchestrator.go:436.2,443.79 6 0
digital.vasic.translator/pkg/deployment/orchestrator.go:443.79,445.3 1 0
digital.vasic.translator/pkg/deployment/orchestrator.go:447.2,464.12 7 0
digital.vasic.translator/pkg/deployment/orchestrator.go:468.80,473.39 4 0
digital.vasic.translator/pkg/deployment/orchestrator.go:473.39,475.3 1 0
digital.vasic.translator/pkg/deployment/orchestrator.go:476.2,478.37 2 0
digital.vasic.translator/pkg/deployment/orchestrator.go:478.37,479.99 1 0
digital.vasic.translator/pkg/deployment/orchestrator.go:479.99,481.4 1 0
digital.vasic.translator/pkg/deployment/orchestrator.go:484.2,491.12 3 0
digital.vasic.translator/pkg/deployment/orchestrator.go:495.97,502.13 5 0
digital.vasic.translator/pkg/deployment/orchestrator.go:502.13,504.3 1 0
digital.vasic.translator/pkg/deployment/orchestrator.go:507.2,507.70 1 0
digital.vasic.translator/pkg/deployment/orchestrator.go:507.70,509.3 1 0
digital.vasic.translator/pkg/deployment/orchestrator.go:512.2,518.79 5 0
digital.vasic.translator/pkg/deployment/orchestrator.go:518.79,520.3 1 0
digital.vasic.translator/pkg/deployment/orchestrator.go:522.2,537.12 7 0
digital.vasic.translator/pkg/deployment/orchestrator.go:541.81,546.39 4 0
digital.vasic.translator/pkg/deployment/orchestrator.go:546.39,548.3 1 0
digital.vasic.translator/pkg/deployment/orchestrator.go:549.2,551.37 2 0
digital.vasic.translator/pkg/deployment/orchestrator.go:551.37,552.61 1 0
digital.vasic.translator/pkg/deployment/orchestrator.go:552.61,554.4 1 0
digital.vasic.translator/pkg/deployment/orchestrator.go:557.2,564.12 3 0
digital.vasic.translator/pkg/deployment/orchestrator.go:568.135,573.6 4 0
digital.vasic.translator/pkg/deployment/orchestrator.go:573.6,574.10 1 0
digital.vasic.translator/pkg/deployment/orchestrator.go:575.21,576.20 1 0
digital.vasic.translator/pkg/deployment/orchestrator.go:577.22,578.87 1 0
digital.vasic.translator/pkg/deployment/orchestrator.go:579.19,581.18 2 0
digital.vasic.translator/pkg/deployment/orchestrator.go:581.18,583.13 2 0
digital.vasic.translator/pkg/deployment/orchestrator.go:586.4,586.15 1 0
digital.vasic.translator/pkg/deployment/orchestrator.go:586.15,588.5 1 0
digital.vasic.translator/pkg/deployment/orchestrator.go:594.49,597.25 2 1
digital.vasic.translator/pkg/deployment/orchestrator.go:597.25,599.3 1 1
digital.vasic.translator/pkg/deployment/orchestrator.go:601.2,601.26 1 1
digital.vasic.translator/pkg/deployment/orchestrator.go:601.26,603.3 1 1
digital.vasic.translator/pkg/deployment/orchestrator.go:605.2,605.24 1 1
digital.vasic.translator/pkg/deployment/orchestrator.go:605.24,607.3 1 1
digital.vasic.translator/pkg/deployment/orchestrator.go:609.2,609.12 1 1
digital.vasic.translator/pkg/deployment/ssh_deployer.go:22.58,28.2 1 1
digital.vasic.translator/pkg/deployment/ssh_deployer.go:30.120,31.22 1 1
digital.vasic.translator/pkg/deployment/ssh_deployer.go:31.22,33.3 1 1
digital.vasic.translator/pkg/deployment/ssh_deployer.go:34.2,34.22 1 0
digital.vasic.translator/pkg/deployment/ssh_deployer.go:34.22,36.3 1 0
digital.vasic.translator/pkg/deployment/ssh_deployer.go:38.2,39.27 2 0
digital.vasic.translator/pkg/deployment/ssh_deployer.go:42.54,44.2 1 1
digital.vasic.translator/pkg/deployment/ssh_deployer.go:46.54,48.2 1 0
digital.vasic.translator/pkg/deployment/ssh_deployer.go:50.55,52.2 1 0
digital.vasic.translator/pkg/deployment/ssh_deployer.go:54.67,56.2 1 0
digital.vasic.translator/pkg/deployment/ssh_deployer.go:71.44,72.18 1 1
digital.vasic.translator/pkg/deployment/ssh_deployer.go:72.18,74.3 1 1
digital.vasic.translator/pkg/deployment/ssh_deployer.go:75.2,75.17 1 1
digital.vasic.translator/pkg/deployment/ssh_deployer.go:75.17,77.3 1 1
digital.vasic.translator/pkg/deployment/ssh_deployer.go:78.2,78.22 1 1
digital.vasic.translator/pkg/deployment/ssh_deployer.go:78.22,80.3 1 1
digital.vasic.translator/pkg/deployment/ssh_deployer.go:81.2,81.20 1 1
digital.vasic.translator/pkg/deployment/ssh_deployer.go:81.20,83.3 1 1
digital.vasic.translator/pkg/deployment/ssh_deployer.go:84.2,84.27 1 1
digital.vasic.translator/pkg/deployment/ssh_deployer.go:84.27,86.3 1 1
digital.vasic.translator/pkg/deployment/ssh_deployer.go:87.2,87.27 1 1
digital.vasic.translator/pkg/deployment/ssh_deployer.go:87.27,89.3 1 1
digital.vasic.translator/pkg/deployment/ssh_deployer.go:91.2,91.64 1 1
digital.vasic.translator/pkg/deployment/ssh_deployer.go:91.64,93.3 1 1
digital.vasic.translator/pkg/deployment/ssh_deployer.go:95.2,95.12 1 1
digital.vasic.translator/pkg/deployment/ssh_deployer.go:104.42,106.2 1 1
digital.vasic.translator/pkg/deployment/ssh_deployer.go:120.59,125.2 1 1
digital.vasic.translator/pkg/deployment/ssh_deployer.go:128.96,133.2 1 1
digital.vasic.translator/pkg/deployment/ssh_deployer.go:136.58,137.44 1 1
digital.vasic.translator/pkg/deployment/ssh_deployer.go:137.44,139.3 1 1
digital.vasic.translator/pkg/deployment/ssh_deployer.go:142.2,149.29 2 1
digital.vasic.translator/pkg/deployment/ssh_deployer.go:149.29,151.3 1 1
digital.vasic.translator/pkg/deployment/ssh_deployer.go:153.2,153.57 1 1
digital.vasic.translator/pkg/deployment/ssh_deployer.go:153.57,157.32 3 0
digital.vasic.translator/pkg/deployment/ssh_deployer.go:157.32,159.4 1 0
digital.vasic.translator/pkg/deployment/ssh_deployer.go:159.9,159.36 1 0
digital.vasic.translator/pkg/deployment/ssh_deployer.go:159.36,162.18 2 0
digital.vasic.translator/pkg/deployment/ssh_deployer.go:162.18,164.5 1 0
digital.vasic.translator/pkg/deployment/ssh_deployer.go:167.3,168.17 2 0
digital.vasic.translator/pkg/deployment/ssh_deployer.go:168.17,170.4 1 0
digital.vasic.translator/pkg/deployment/ssh_deployer.go:172.3,172.66 1 0
digital.vasic.translator/pkg/deployment/ssh_deployer.go:176.2,179.66 3 1
digital.vasic.translator/pkg/deployment/ssh_deployer.go:179.66,180.10 1 1
digital.vasic.translator/pkg/deployment/ssh_deployer.go:181.21,182.60 1 1
digital.vasic.translator/pkg/deployment/ssh_deployer.go:183.11,183.11 0 1
digital.vasic.translator/pkg/deployment/ssh_deployer.go:186.3,187.17 2 1
digital.vasic.translator/pkg/deployment/ssh_deployer.go:187.17,188.21 1 0
digital.vasic.translator/pkg/deployment/ssh_deployer.go:188.21,190.5 1 0
digital.vasic.translator/pkg/deployment/ssh_deployer.go:191.4,191.14 1 0
digital.vasic.translator/pkg/deployment/ssh_deployer.go:194.3,195.40 2 1
digital.vasic.translator/pkg/deployment/ssh_deployer.go:195.40,197.4 1 1
digital.vasic.translator/pkg/deployment/ssh_deployer.go:200.2,200.63 1 1
digital.vasic.translator/pkg/deployment/ssh_deployer.go:209.42,211.2 1 1
digital.vasic.translator/pkg/deployment/ssh_deployer.go:213.42,215.2 1 1
digital.vasic.translator/pkg/deployment/ssh_deployer.go:218.99,219.39 1 1
digital.vasic.translator/pkg/deployment/ssh_deployer.go:219.39,221.3 1 1
digital.vasic.translator/pkg/deployment/ssh_deployer.go:224.2,232.20 2 0
digital.vasic.translator/pkg/deployment/ssh_deployer.go:245.101,247.2 1 0
digital.vasic.translator/pkg/deployment/ssh_deployer.go:250.89,252.2 1 0
digital.vasic.translator/pkg/deployment/ssh_deployer.go:255.110,257.2 1 0
digital.vasic.translator/pkg/deployment/ssh_deployer.go:260.85,262.2 1 0
digital.vasic.translator/pkg/deployment/ssh_deployer.go:265.37,267.2 1 1
digital.vasic.translator/pkg/deployment/ssh_deployer.go:272.120,274.2 1 1
digital.vasic.translator/pkg/api/batch_handlers.go:71.57,73.47 2 1
digital.vasic.translator/pkg/api/batch_handlers.go:73.47,76.3 2 1
digital.vasic.translator/pkg/api/batch_handlers.go:79.2,83.16 3 1
digital.vasic.translator/pkg/api/batch_handlers.go:83.16,86.3 2 0
digital.vasic.translator/pkg/api/batch_handlers.go:89.2,90.30 2 1
digital.vasic.translator/pkg/api/batch_handlers.go:90.30,92.17 2 0
digital.vasic.translator/pkg/api/batch_handlers.go:92.17,95.4 2 0
digital.vasic.translator/pkg/api/batch_handlers.go:99.2,102.20 3 1
digital.vasic.translator/pkg/api/batch_handlers.go:102.20,104.21 2 1
digital.vasic.translator/pkg/api/batch_handlers.go:104.21,106.4 1 0
digital.vasic.translator/pkg/api/batch_handlers.go:109.2,110.17 2 1
digital.vasic.translator/pkg/api/batch_handlers.go:110.17,112.3 1 1
digital.vasic.translator/pkg/api/batch_handlers.go:114.2,121.18 2 1
digital.vasic.translator/pkg/api/batch_handlers.go:122.72,124.17 2 1
digital.vasic.translator/pkg/api/batch_handlers.go:124.17,127.4 2 1
digital.vasic.translator/pkg/api/batch_handlers.go:128.10,130.9 2 1
digital.vasic.translator/pkg/api/batch_handlers.go:134.2,152.16 6 0
digital.vasic.translator/pkg/api/batch_handlers.go:152.16,160.3 3 0
digital.vasic.translator/pkg/api/batch_handlers.go:163.2,180.4 2 0
digital.vasic.translator/pkg/api/batch_handlers.go:184.60,186.47 2 1
digital.vasic.translator/pkg/api/batch_handlers.go:186.47,189.3 2 1
digital.vasic.translator/pkg/api/batch_handlers.go:192.2,196.16 3 1
digital.vasic.translator/pkg/api/batch_handlers.go:196.16,199.3 2 0
digital.vasic.translator/pkg/api/batch_handlers.go:202.2,203.30 2 1
digital.vasic.translator/pkg/api/batch_handlers.go:203.30,205.17 2 0
digital.vasic.translator/pkg/api/batch_handlers.go:205.17,208.4 2 0
digital.vasic.translator/pkg/api/batch_handlers.go:212.2,214.20 3 1
digital.vasic.translator/pkg/api/batch_handlers.go:214.20,216.21 2 0
digital.vasic.translator/pkg/api/batch_handlers.go:216.21,218.4 1 0
digital.vasic.translator/pkg/api/batch_handlers.go:221.2,222.17 2 1
digital.vasic.translator/pkg/api/batch_handlers.go:222.17,224.3 1 1
digital.vasic.translator/pkg/api/batch_handlers.go:226.2,233.18 2 1
digital.vasic.translator/pkg/api/batch_handlers.go:234.72,236.17 2 1
digital.vasic.translator/pkg/api/batch_handlers.go:236.17,239.4 2 1
digital.vasic.translator/pkg/api/batch_handlers.go:240.10,242.9 2 0
digital.vasic.translator/pkg/api/batch_handlers.go:246.2,286.16 8 0
digital.vasic.translator/pkg/api/batch_handlers.go:286.16,294.3 3 0
digital.vasic.translator/pkg/api/batch_handlers.go:297.2,300.33 4 0
digital.vasic.translator/pkg/api/batch_handlers.go:300.33,301.21 1 0
digital.vasic.translator/pkg/api/batch_handlers.go:301.21,303.4 1 0
digital.vasic.translator/pkg/api/batch_handlers.go:303.9,305.4 1 0
digital.vasic.translator/pkg/api/batch_handlers.go:307.3,308.26 2 0
digital.vasic.translator/pkg/api/batch_handlers.go:308.26,310.4 1 0
digital.vasic.translator/pkg/api/batch_handlers.go:312.3,317.4 1 0
digital.vasic.translator/pkg/api/batch_handlers.go:321.2,341.4 2 0
digital.vasic.translator/pkg/api/batch_handlers.go:345.64,348.2 2 1
digital.vasic.translator/pkg/api/handler.go:53.12,62.2 1 1
digital.vasic.translator/pkg/api/handler.go:65.54,75.2 5 1
digital.vasic.translator/pkg/api/handler.go:75.2,103.11 15 1
digital.vasic.translator/pkg/api/handler.go:103.11,127.4 19 1
digital.vasic.translator/pkg/api/handler.go:130.3,133.35 2 1
digital.vasic.translator/pkg/api/handler.go:133.35,140.4 5 0
digital.vasic.translator/pkg/api/handler.go:140.4,142.5 1 0
digital.vasic.translator/pkg/api/handler.go:148.47,154.2 1 1
digital.vasic.translator/pkg/api/handler.go:157.43,171.2 1 1
digital.vasic.translator/pkg/api/handler.go:174.49,183.47 2 1
digital.vasic.translator/pkg/api/handler.go:183.47,186.3 2 1
digital.vasic.translator/pkg/api/handler.go:189.2,190.16 2 1
digital.vasic.translator/pkg/api/handler.go:190.16,193.3 2 1
digital.vasic.translator/pkg/api/handler.go:196.2,202.33 4 1
digital.vasic.translator/pkg/api/handler.go:202.33,204.75 1 0
digital.vasic.translator/pkg/api/handler.go:204.75,206.29 2 0
digital.vasic.translator/pkg/api/handler.go:206.29,208.5 1 0
digital.vasic.translator/pkg/api/handler.go:208.10,219.24 3 0
digital.vasic.translator/pkg/api/handler.go:219.24,222.6 2 0
digital.vasic.translator/pkg/api/handler.go:223.5,223.29 1 0
digital.vasic.translator/pkg/api/handler.go:225.9,228.23 2 0
digital.vasic.translator/pkg/api/handler.go:228.23,231.5 2 0
digital.vasic.translator/pkg/api/handler.go:232.4,232.28 1 0
digital.vasic.translator/pkg/api/handler.go:234.8,237.22 2 1
digital.vasic.translator/pkg/api/handler.go:237.22,240.4 2 1
digital.vasic.translator/pkg/api/handler.go:241.3,241.27 1 0
digital.vasic.translator/pkg/api/handler.go:245.2,245.27 1 0
digital.vasic.translator/pkg/api/handler.go:245.27,248.3 2 0
digital.vasic.translator/pkg/api/handler.go:250.2,256.4 1 0
digital.vasic.translator/pkg/api/handler.go:260.48,263.16 2 1
digital.vasic.translator/pkg/api/handler.go:263.16,266.3 2 1
digital.vasic.translator/pkg/api/handler.go:267.2,270.20 3 1
digital.vasic.translator/pkg/api/handler.go:270.20,272.3 1 1
digital.vasic.translator/pkg/api/handler.go:274.2,276.22 3 1
digital.vasic.translator/pkg/api/handler.go:276.22,278.3 1 1
digital.vasic.translator/pkg/api/handler.go:281.2,297.16 6 1
digital.vasic.translator/pkg/api/handler.go:297.16,300.3 2 0
digital.vasic.translator/pkg/api/handler.go:301.2,305.16 4 1
digital.vasic.translator/pkg/api/handler.go:305.16,308.3 2 0
digital.vasic.translator/pkg/api/handler.go:309.2,314.16 4 1
digital.vasic.translator/pkg/api/handler.go:314.16,317.3 2 0
digital.vasic.translator/pkg/api/handler.go:320.2,321.16 2 1
digital.vasic.translator/pkg/api/handler.go:321.16,324.3 2 1
digital.vasic.translator/pkg/api/handler.go:327.2,329.34 2 1
digital.vasic.translator/pkg/api/handler.go:329.34,358.83 6 0
digital.vasic.translator/pkg/api/handler.go:358.83,361.4 2 0
digital.vasic.translator/pkg/api/handler.go:364.3,366.77 3 0
digital.vasic.translator/pkg/api/handler.go:366.77,368.4 1 0
digital.vasic.translator/pkg/api/handler.go:368.9,370.4 1 0
digital.vasic.translator/pkg/api/handler.go:371.8,373.74 1 1
digital.vasic.translator/pkg/api/handler.go:373.74,376.4 2 0
digital.vasic.translator/pkg/api/handler.go:386.2,393.16 4 1
digital.vasic.translator/pkg/api/handler.go:393.16,396.3 2 0
digital.vasic.translator/pkg/api/handler.go:397.2,402.62 4 1
digital.vasic.translator/pkg/api/handler.go:402.62,405.3 2 0
digital.vasic.translator/pkg/api/handler.go:408.2,410.16 3 1
digital.vasic.translator/pkg/api/handler.go:410.16,413.3 2 0
digital.vasic.translator/pkg/api/handler.go:416.2,433.35 7 1
digital.vasic.translator/pkg/api/handler.go:437.50,445.47 2 1
digital.vasic.translator/pkg/api/handler.go:445.47,448.3 2 1
digital.vasic.translator/pkg/api/handler.go:451.2,452.16 2 1
digital.vasic.translator/pkg/api/handler.go:452.16,455.3 2 1
digital.vasic.translator/pkg/api/handler.go:458.2,464.33 4 1
digital.vasic.translator/pkg/api/handler.go:464.33,466.17 2 1
digital.vasic.translator/pkg/api/handler.go:466.17,468.4 1 1
digital.vasic.translator/pkg/api/handler.go:468.9,470.4 1 0
digital.vasic.translator/pkg/api/handler.go:473.2,479.4 1 1
digital.vasic.translator/pkg/api/handler.go:483.49,489.47 2 1
digital.vasic.translator/pkg/api/handler.go:489.47,492.3 2 1
digital.vasic.translator/pkg/api/handler.go:494.2,497.20 3 1
digital.vasic.translator/pkg/api/handler.go:498.15,499.39 1 1
digital.vasic.translator/pkg/api/handler.go:500.18,501.42 1 1
digital.vasic.translator/pkg/api/handler.go:502.10,504.9 2 1
digital.vasic.translator/pkg/api/handler.go:507.2,511.4 1 1
digital.vasic.translator/pkg/api/handler.go:515.45,522.2 2 1
digital.vasic.translator/pkg/api/handler.go:525.49,568.2 2 1
digital.vasic.translator/pkg/api/handler.go:571.46,588.2 6 1
digital.vasic.translator/pkg/api/handler.go:593.34,595.60 1 1
digital.vasic.translator/pkg/api/handler.go:595.60,597.3 1 0
digital.vasic.translator/pkg/api/handler.go:600.2,600.87 1 1
digital.vasic.translator/pkg/api/handler.go:600.87,602.3 1 0
digital.vasic.translator/pkg/api/handler.go:605.2,605.82 1 1
digital.vasic.translator/pkg/api/handler.go:605.82,607.3 1 1
digital.vasic.translator/pkg/api/handler.go:609.2,609.18 1 0
digital.vasic.translator/pkg/api/handler.go:613.28,614.83 1 1
digital.vasic.translator/pkg/api/handler.go:614.83,616.3 1 1
digital.vasic.translator/pkg/api/handler.go:617.2,617.46 1 0
digital.vasic.translator/pkg/api/handler.go:621.28,622.71 1 1
digital.vasic.translator/pkg/api/handler.go:622.71,624.3 1 1
digital.vasic.translator/pkg/api/handler.go:625.2,625.18 1 0
digital.vasic.translator/pkg/api/handler.go:629.28,630.61 1 1
digital.vasic.translator/pkg/api/handler.go:630.61,632.22 2 1
digital.vasic.translator/pkg/api/handler.go:632.22,634.4 1 1
digital.vasic.translator/pkg/api/handler.go:636.2,636.18 1 0
digital.vasic.translator/pkg/api/handler.go:640.55,642.16 2 1
digital.vasic.translator/pkg/api/handler.go:642.16,644.3 1 1
digital.vasic.translator/pkg/api/handler.go:645.2,645.26 1 0
digital.vasic.translator/pkg/api/handler.go:649.62,652.16 3 1
digital.vasic.translator/pkg/api/handler.go:652.16,654.3 1 1
digital.vasic.translator/pkg/api/handler.go:655.2,655.28 1 1
digital.vasic.translator/pkg/api/handler.go:659.44,668.2 2 1
digital.vasic.translator/pkg/api/handler.go:671.52,673.43 1 1
digital.vasic.translator/pkg/api/handler.go:673.43,675.4 1 1
digital.vasic.translator/pkg/api/handler.go:678.2,679.16 2 1
digital.vasic.translator/pkg/api/handler.go:679.16,681.3 1 1
digital.vasic.translator/pkg/api/handler.go:683.2,695.22 5 0
digital.vasic.translator/pkg/api/handler.go:700.95,701.24 1 1
digital.vasic.translator/pkg/api/handler.go:701.24,703.3 1 1
digital.vasic.translator/pkg/api/handler.go:706.2,706.35 1 1
digital.vasic.translator/pkg/api/handler.go:706.35,707.34 1 0
digital.vasic.translator/pkg/api/handler.go:707.34,709.4 1 0
digital.vasic.translator/pkg/api/handler.go:711.3,711.97 1 0
digital.vasic.translator/pkg/api/handler.go:714.2,723.73 2 1
digital.vasic.translator/pkg/api/handler.go:723.73,726.18 3 1
digital.vasic.translator/pkg/api/handler.go:726.18,728.4 1 1
digital.vasic.translator/pkg/api/handler.go:729.3,729.39 1 1
digital.vasic.translator/pkg/api/handler.go:732.2,732.37 1 1
digital.vasic.translator/pkg/api/handler.go:740.107,742.2 1 1
digital.vasic.translator/pkg/api/handler.go:744.164,747.2 1 1
digital.vasic.translator/pkg/api/handler.go:749.73,752.2 1 1
digital.vasic.translator/pkg/api/handler.go:754.51,756.2 1 1
digital.vasic.translator/pkg/api/handler.go:758.125,760.31 1 1
digital.vasic.translator/pkg/api/handler.go:760.31,768.17 2 1
digital.vasic.translator/pkg/api/handler.go:768.17,770.4 1 0
digital.vasic.translator/pkg/api/handler.go:774.2,774.31 1 1
digital.vasic.translator/pkg/api/handler.go:774.31,776.35 1 1
digital.vasic.translator/pkg/api/handler.go:776.35,784.18 2 0
digital.vasic.translator/pkg/api/handler.go:784.18,786.5 1 0
digital.vasic.translator/pkg/api/handler.go:790.3,790.44 1 1
digital.vasic.translator/pkg/api/handler.go:790.44,791.104 1 1
digital.vasic.translator/pkg/api/handler.go:791.104,793.5 1 0
digital.vasic.translator/pkg/api/handler.go:797.2,797.12 1 1
digital.vasic.translator/pkg/api/handler.go:800.139,802.25 1 1
digital.vasic.translator/pkg/api/handler.go:802.25,810.17 2 0
digital.vasic.translator/pkg/api/handler.go:810.17,812.4 1 0
digital.vasic.translator/pkg/api/handler.go:816.2,816.27 1 1
digital.vasic.translator/pkg/api/handler.go:816.27,824.17 2 1
digital.vasic.translator/pkg/api/handler.go:824.17,826.4 1 0
digital.vasic.translator/pkg/api/handler.go:830.2,830.37 1 1
digital.vasic.translator/pkg/api/handler.go:830.37,831.97 1 0
digital.vasic.translator/pkg/api/handler.go:831.97,833.4 1 0
digital.vasic.translator/pkg/api/handler.go:836.2,836.12 1 1
digital.vasic.translator/pkg/api/handler.go:839.68,843.2 3 1
digital.vasic.translator/pkg/api/handler.go:846.52,847.30 1 1
digital.vasic.translator/pkg/api/handler.go:847.30,849.23 2 1
digital.vasic.translator/pkg/api/handler.go:849.23,853.4 3 1
digital.vasic.translator/pkg/api/handler.go:856.3,857.57 2 0
digital.vasic.translator/pkg/api/handler.go:857.57,859.4 1 0
digital.vasic.translator/pkg/api/handler.go:862.3,863.17 2 0
digital.vasic.translator/pkg/api/handler.go:863.17,867.4 3 0
digital.vasic.translator/pkg/api/handler.go:870.3,874.11 4 0
digital.vasic.translator/pkg/api/handler.go:879.41,882.47 2 1
digital.vasic.translator/pkg/api/handler.go:882.47,885.3 2 1
digital.vasic.translator/pkg/api/handler.go:888.2,889.16 2 1
digital.vasic.translator/pkg/api/handler.go:889.16,890.51 1 0
digital.vasic.translator/pkg/api/handler.go:890.51,893.4 2 0
digital.vasic.translator/pkg/api/handler.go:894.3,894.45 1 0
digital.vasic.translator/pkg/api/handler.go:894.45,897.4 2 0
digital.vasic.translator/pkg/api/handler.go:898.3,899.9 2 0
digital.vasic.translator/pkg/api/handler.go:902.2,902.33 1 0
digital.vasic.translator/pkg/api/handler.go:905.49,912.47 2 1
digital.vasic.translator/pkg/api/handler.go:912.47,915.3 2 0
digital.vasic.translator/pkg/api/handler.go:917.2,918.16 2 1
digital.vasic.translator/pkg/api/handler.go:918.16,921.3 2 0
digital.vasic.translator/pkg/api/handler.go:923.2,925.4 1 0
digital.vasic.translator/pkg/api/handler.go:928.46,938.2 4 1
digital.vasic.translator/pkg/api/handler.go:942.56,943.33 1 1
digital.vasic.translator/pkg/api/handler.go:943.33,946.3 2 1
digital.vasic.translator/pkg/api/handler.go:949.2,950.9 2 0
digital.vasic.translator/pkg/api/handler.go:950.9,953.3 2 0
digital.vasic.translator/pkg/api/handler.go:955.2,956.31 2 0
digital.vasic.translator/pkg/api/handler.go:959.51,960.33 1 1
digital.vasic.translator/pkg/api/handler.go:960.33,963.3 2 1
digital.vasic.translator/pkg/api/handler.go:965.2,966.9 2 0
digital.vasic.translator/pkg/api/handler.go:966.9,969.3 2 0
digital.vasic.translator/pkg/api/handler.go:971.2,974.55 3 0
digital.vasic.translator/pkg/api/handler.go:974.55,977.3 2 0
digital.vasic.translator/pkg/api/handler.go:979.2,979.71 1 0
digital.vasic.translator/pkg/api/handler.go:982.46,983.33 1 1
digital.vasic.translator/pkg/api/handler.go:983.33,986.3 2 1
digital.vasic.translator/pkg/api/handler.go:988.2,989.20 2 1
digital.vasic.translator/pkg/api/handler.go:989.20,992.3 2 1
digital.vasic.translator/pkg/api/handler.go:994.2,995.9 2 1
digital.vasic.translator/pkg/api/handler.go:995.9,998.3 2 1
digital.vasic.translator/pkg/api/handler.go:1000.2,1000.48 1 0
digital.vasic.translator/pkg/api/handler.go:1000.48,1003.3 2 0
digital.vasic.translator/pkg/api/handler.go:1005.2,1005.102 1 0
digital.vasic.translator/pkg/api/handler.go:1008.48,1009.33 1 1
digital.vasic.translator/pkg/api/handler.go:1009.33,1012.3 2 1
digital.vasic.translator/pkg/api/handler.go:1014.2,1015.20 2 1
digital.vasic.translator/pkg/api/handler.go:1015.20,1018.3 2 1
digital.vasic.translator/pkg/api/handler.go:1020.2,1021.9 2 1
digital.vasic.translator/pkg/api/handler.go:1021.9,1024.3 2 1
digital.vasic.translator/pkg/api/handler.go:1026.2,1026.50 1 0
digital.vasic.translator/pkg/api/handler.go:1026.50,1029.3 2 0
digital.vasic.translator/pkg/api/handler.go:1031.2,1031.104 1 0
digital.vasic.translator/pkg/api/handler.go:1034.56,1035.33 1 1
digital.vasic.translator/pkg/api/handler.go:1035.33,1038.3 2 1
digital.vasic.translator/pkg/api/handler.go:1040.2,1045.47 2 0
digital.vasic.translator/pkg/api/handler.go:1045.47,1048.3 2 0
digital.vasic.translator/pkg/api/handler.go:1050.2,1051.9 2 0
digital.vasic.translator/pkg/api/handler.go:1051.9,1054.3 2 0
digital.vasic.translator/pkg/api/handler.go:1056.2,1060.21 4 0
digital.vasic.translator/pkg/api/handler.go:1060.21,1062.3 1 0
digital.vasic.translator/pkg/api/handler.go:1064.2,1065.16 2 0
digital.vasic.translator/pkg/api/handler.go:1065.16,1068.3 2 0
digital.vasic.translator/pkg/api/handler.go:1070.2,1073.4 1 0
digital.vasic.translator/pkg/api/handler.go:1077.48,1080.16 2 1
digital.vasic.translator/pkg/api/handler.go:1080.16,1083.3 2 1
digital.vasic.translator/pkg/api/handler.go:1086.2,1087.19 2 0
digital.vasic.translator/pkg/api/handler.go:1087.19,1090.3 2 0
digital.vasic.translator/pkg/api/handler.go:1093.2,1094.53 2 0
digital.vasic.translator/pkg/api/handler.go:1094.53,1097.3 2 0
digital.vasic.translator/pkg/api/handler.go:1099.2,1100.61 2 0
digital.vasic.translator/pkg/api/handler.go:1100.61,1103.3 2 0
digital.vasic.translator/pkg/api/handler.go:1105.2,1109.4 1 0
digital.vasic.translator/pkg/api/handler.go:1113.47,1116.19 2 1
digital.vasic.translator/pkg/api/handler.go:1116.19,1119.3 2 1
digital.vasic.translator/pkg/api/handler.go:1124.2,1127.55 2 0
digital.vasic.translator/pkg/api/handler.go:1127.55,1130.3 2 0
digital.vasic.translator/pkg/api/handler.go:1134.2,1134.55 1 0
digital.vasic.translator/pkg/api/handler.go:1134.55,1137.3 2 0
digital.vasic.translator/pkg/api/handler.go:1139.2,1142.4 1 0
digital.vasic.translator/pkg/api/handler.go:1146.50,1149.92 2 1
digital.vasic.translator/pkg/api/handler.go:1149.92,1151.3 1 1
digital.vasic.translator/pkg/api/handler.go:1154.2,1155.54 2 0
digital.vasic.translator/pkg/api/handler.go:1155.54,1157.3 1 0
digital.vasic.translator/pkg/api/handler.go:1159.2,1159.83 1 0
digital.vasic.translator/pkg/api/handler.go:1159.83,1161.3 1 0
digital.vasic.translator/pkg/api/handler.go:1164.2,1165.54 2 0
digital.vasic.translator/pkg/api/handler.go:1165.54,1167.3 1 0
digital.vasic.translator/pkg/api/handler.go:1170.2,1170.91 1 0
digital.vasic.translator/pkg/api/handler.go:1170.91,1172.3 1 0
digital.vasic.translator/pkg/api/handler.go:1175.2,1175.89 1 0
digital.vasic.translator/pkg/api/handler.go:1175.89,1177.3 1 0
digital.vasic.translator/pkg/api/handler.go:1180.2,1182.12 2 0
digital.vasic.translator/pkg/api/handler.go:1186.50,1187.33 1 1
digital.vasic.translator/pkg/api/handler.go:1187.33,1190.3 2 1
digital.vasic.translator/pkg/api/handler.go:1192.2,1193.9 2 1
digital.vasic.translator/pkg/api/handler.go:1193.9,1196.3 2 1
digital.vasic.translator/pkg/api/handler.go:1199.2,1200.20 2 0
digital.vasic.translator/pkg/api/handler.go:1200.20,1202.3 1 0
digital.vasic.translator/pkg/api/handler.go:1203.2,1203.20 1 0
digital.vasic.translator/pkg/api/handler.go:1203.20,1206.3 2 0
digital.vasic.translator/pkg/api/handler.go:1208.2,1213.19 4 0
digital.vasic.translator/pkg/api/handler.go:1213.19,1216.3 2 0
digital.vasic.translator/pkg/api/handler.go:1219.2,1219.55 1 0
digital.vasic.translator/pkg/api/handler.go:1219.55,1222.3 2 0
digital.vasic.translator/pkg/api/handler.go:1224.2,1227.4 1 0
digital.vasic.translator/pkg/api/handler.go:1233.53,1234.33 1 1
digital.vasic.translator/pkg/api/handler.go:1234.33,1237.3 2 1
digital.vasic.translator/pkg/api/handler.go:1239.2,1240.9 2 0
digital.vasic.translator/pkg/api/handler.go:1240.9,1243.3 2 0
digital.vasic.translator/pkg/api/handler.go:1245.2,1246.32 2 0
digital.vasic.translator/pkg/api/handler.go:1250.52,1251.33 1 1
digital.vasic.translator/pkg/api/handler.go:1251.33,1254.3 2 1
digital.vasic.translator/pkg/api/handler.go:1256.2,1257.9 2 0
digital.vasic.translator/pkg/api/handler.go:1257.9,1260.3 2 0
digital.vasic.translator/pkg/api/handler.go:1262.2,1266.20 3 0
digital.vasic.translator/pkg/api/handler.go:1266.20,1268.32 2 0
digital.vasic.translator/pkg/api/handler.go:1268.32,1269.34 1 0
digital.vasic.translator/pkg/api/handler.go:1269.34,1271.5 1 0
digital.vasic.translator/pkg/api/handler.go:1273.3,1273.20 1 0
digital.vasic.translator/pkg/api/handler.go:1276.2,1279.4 1 0
digital.vasic.translator/pkg/api/handler.go:1283.52,1284.33 1 1
digital.vasic.translator/pkg/api/handler.go:1284.33,1287.3 2 1
digital.vasic.translator/pkg/api/handler.go:1289.2,1290.9 2 0
digital.vasic.translator/pkg/api/handler.go:1290.9,1293.3 2 0
digital.vasic.translator/pkg/api/handler.go:1295.2,1296.31 2 0
digital.vasic.translator/pkg/api/handler.go:1300.55,1301.33 1 1
digital.vasic.translator/pkg/api/handler.go:1301.33,1304.3 2 1
digital.vasic.translator/pkg/api/handler.go:1306.2,1307.9 2 0
digital.vasic.translator/pkg/api/handler.go:1307.9,1310.3 2 0
digital.vasic.translator/pkg/api/handler.go:1313.2,1320.69 6 0
digital.vasic.translator/pkg/api/handler.go:1320.69,1321.49 1 0
digital.vasic.translator/pkg/api/handler.go:1321.49,1333.4 1 0
digital.vasic.translator/pkg/api/handler.go:1337.2,1342.33 5 0
digital.vasic.translator/pkg/api/handler.go:1342.33,1344.17 2 0
digital.vasic.translator/pkg/api/handler.go:1345.17,1346.21 1 0
digital.vasic.translator/pkg/api/handler.go:1347.19,1348.21 1 0
digital.vasic.translator/pkg/api/handler.go:1349.11,1350.22 1 0
digital.vasic.translator/pkg/api/handler.go:1354.2,1372.34 2 0
digital.vasic.translator/pkg/api/handler.go:1376.60,1377.33 1 1
digital.vasic.translator/pkg/api/handler.go:1377.33,1380.3 2 1
digital.vasic.translator/pkg/api/handler.go:1382.2,1383.9 2 0
digital.vasic.translator/pkg/api/handler.go:1383.9,1386.3 2 0
digital.vasic.translator/pkg/api/handler.go:1388.2,1397.4 4 0
digital.vasic.translator/pkg/api/handler.go:1401.51,1402.33 1 1
digital.vasic.translator/pkg/api/handler.go:1402.33,1405.3 2 1
digital.vasic.translator/pkg/api/handler.go:1407.2,1408.9 2 0
digital.vasic.translator/pkg/api/handler.go:1408.9,1411.3 2 0
digital.vasic.translator/pkg/api/handler.go:1413.2,1415.20 3 0
digital.vasic.translator/pkg/api/handler.go:1415.20,1416.60 1 0
digital.vasic.translator/pkg/api/handler.go:1416.60,1418.4 1 0
digital.vasic.translator/pkg/api/handler.go:1421.2,1427.4 2 0
digital.vasic.translator/pkg/api/handler.go:1431.52,1432.33 1 1
digital.vasic.translator/pkg/api/handler.go:1432.33,1435.3 2 1
digital.vasic.translator/pkg/api/handler.go:1437.2,1438.19 2 0
digital.vasic.translator/pkg/api/handler.go:1438.19,1441.3 2 0
digital.vasic.translator/pkg/api/handler.go:1443.2,1447.47 2 0
digital.vasic.translator/pkg/api/handler.go:1447.47,1450.3 2 0
digital.vasic.translator/pkg/api/handler.go:1452.2,1453.9 2 0
digital.vasic.translator/pkg/api/handler.go:1453.9,1456.3 2 0
digital.vasic.translator/pkg/api/handler.go:1458.2,1458.85 1 0
digital.vasic.translator/pkg/api/handler.go:1458.85,1461.3 2 0
digital.vasic.translator/pkg/api/handler.go:1463.2,1466.4 1 0
digital.vasic.translator/pkg/api/handler.go:1470.56,1471.33 1 1
digital.vasic.translator/pkg/api/handler.go:1471.33,1474.3 2 1
digital.vasic.translator/pkg/api/handler.go:1476.2,1485.47 2 0
digital.vasic.translator/pkg/api/handler.go:1485.47,1488.3 2 0
digital.vasic.translator/pkg/api/handler.go:1490.2,1500.9 3 0
digital.vasic.translator/pkg/api/handler.go:1500.9,1503.3 2 0
digital.vasic.translator/pkg/api/handler.go:1505.2,1511.4 2 0
digital.vasic.translator/pkg/api/handler.go:1515.58,1516.33 1 1
digital.vasic.translator/pkg/api/handler.go:1516.33,1519.3 2 1
digital.vasic.translator/pkg/api/handler.go:1521.2,1527.47 2 0
digital.vasic.translator/pkg/api/handler.go:1527.47,1530.3 2 0
digital.vasic.translator/pkg/api/handler.go:1532.2,1532.22 1 0
digital.vasic.translator/pkg/api/handler.go:1532.22,1534.3 1 0
digital.vasic.translator/pkg/api/handler.go:1536.2,1543.9 3 0
digital.vasic.translator/pkg/api/handler.go:1543.9,1546.3 2 0
digital.vasic.translator/pkg/api/handler.go:1548.2,1555.4 2 0
digital.vasic.translator/pkg/api/handler.go:1559.56,1560.33 1 1
digital.vasic.translator/pkg/api/handler.go:1560.33,1563.3 2 1
digital.vasic.translator/pkg/api/handler.go:1565.2,1571.47 2 0
digital.vasic.translator/pkg/api/handler.go:1571.47,1574.3 2 0
digital.vasic.translator/pkg/api/handler.go:1576.2,1576.24 1 0
digital.vasic.translator/pkg/api/handler.go:1576.24,1578.3 1 0
digital.vasic.translator/pkg/api/handler.go:1580.2,1587.9 3 0
digital.vasic.translator/pkg/api/handler.go:1587.9,1590.3 2 0
digital.vasic.translator/pkg/api/handler.go:1592.2,1599.4 2 0
digital.vasic.translator/pkg/api/handler.go:1603.50,1608.16 3 1
digital.vasic.translator/pkg/api/handler.go:1608.16,1611.3 1 1
digital.vasic.translator/pkg/api/handler.go:1613.2,1614.46 2 1
digital.vasic.translator/pkg/api/handler.go:1618.53,1691.2 1 1
digital.vasic.translator/pkg/api/handler.go:1694.49,1748.2 2 1
digital.vasic.translator/pkg/api/handler.go:1751.62,1760.47 2 1
digital.vasic.translator/pkg/api/handler.go:1760.47,1763.3 2 1
digital.vasic.translator/pkg/api/handler.go:1765.2,1769.16 3 1
digital.vasic.translator/pkg/api/handler.go:1769.16,1771.3 1 1
digital.vasic.translator/pkg/api/handler.go:1774.2,1774.30 1 1
digital.vasic.translator/pkg/api/handler.go:1774.30,1776.17 2 0
digital.vasic.translator/pkg/api/handler.go:1776.17,1778.4 1 0
digital.vasic.translator/pkg/api/handler.go:1782.2,1783.20 2 1
digital.vasic.translator/pkg/api/handler.go:1783.20,1785.21 2 1
digital.vasic.translator/pkg/api/handler.go:1785.21,1787.4 1 0
digital.vasic.translator/pkg/api/handler.go:1790.2,1792.35 3 1
digital.vasic.translator/pkg/api/handler.go:1792.35,1793.20 1 1
digital.vasic.translator/pkg/api/handler.go:1793.20,1795.9 2 1
digital.vasic.translator/pkg/api/handler.go:1799.2,1799.22 1 1
digital.vasic.translator/pkg/api/handler.go:1799.22,1801.3 1 1
digital.vasic.translator/pkg/api/handler.go:1804.2,1804.24 1 1
digital.vasic.translator/pkg/api/handler.go:1804.24,1806.3 1 0
digital.vasic.translator/pkg/api/handler.go:1806.8,1806.35 1 1
digital.vasic.translator/pkg/api/handler.go:1806.35,1808.3 1 0
digital.vasic.translator/pkg/api/handler.go:1811.2,1811.31 1 1
digital.vasic.translator/pkg/api/handler.go:1811.31,1817.3 2 1
digital.vasic.translator/pkg/api/handler.go:1819.2,1823.4 1 1
digital.vasic.translator/pkg/api/handler.go:1827.55,1835.47 2 1
digital.vasic.translator/pkg/api/handler.go:1835.47,1838.3 2 1
digital.vasic.translator/pkg/api/handler.go:1841.2,1845.16 3 1
digital.vasic.translator/pkg/api/handler.go:1845.16,1848.3 2 1
digital.vasic.translator/pkg/api/handler.go:1851.2,1851.58 1 1
digital.vasic.translator/pkg/api/handler.go:1851.58,1854.3 2 1
digital.vasic.translator/pkg/api/handler.go:1857.2,1867.29 3 1
digital.vasic.translator/pkg/api/handler.go:1867.29,1869.3 1 1
digital.vasic.translator/pkg/api/handler.go:1870.2,1879.16 3 1
digital.vasic.translator/pkg/api/handler.go:1879.16,1882.3 2 0
digital.vasic.translator/pkg/api/handler.go:1884.2,1888.22 4 1
digital.vasic.translator/pkg/api/handler.go:1888.22,1891.85 2 1
digital.vasic.translator/pkg/api/handler.go:1891.85,1892.35 1 1
digital.vasic.translator/pkg/api/handler.go:1892.35,1894.5 1 1
digital.vasic.translator/pkg/api/handler.go:1895.4,1895.14 1 1
digital.vasic.translator/pkg/api/handler.go:1897.3,1897.37 1 1
digital.vasic.translator/pkg/api/handler.go:1900.2,1904.29 3 1
digital.vasic.translator/pkg/api/handler.go:1904.29,1906.3 1 1
digital.vasic.translator/pkg/api/handler.go:1907.2,1918.4 2 1
digital.vasic.translator/pkg/api/handler.go:1922.56,1925.21 2 1
digital.vasic.translator/pkg/api/handler.go:1925.21,1928.3 2 0
digital.vasic.translator/pkg/api/handler.go:1932.2,1945.31 2 1
digital.vasic.translator/pkg/api/handler.go:1949.50,1960.47 2 1
digital.vasic.translator/pkg/api/handler.go:1960.47,1963.3 2 1
digital.vasic.translator/pkg/api/handler.go:1966.2,1970.16 3 1
digital.vasic.translator/pkg/api/handler.go:1970.16,1973.3 2 1
digital.vasic.translator/pkg/api/handler.go:1976.2,1976.58 1 1
digital.vasic.translator/pkg/api/handler.go:1976.58,1979.3 2 1
digital.vasic.translator/pkg/api/handler.go:1982.2,1982.22 1 1
digital.vasic.translator/pkg/api/handler.go:1982.22,1984.14 2 1
digital.vasic.translator/pkg/api/handler.go:1985.16,1986.23 1 1
digital.vasic.translator/pkg/api/handler.go:1987.15,1988.22 1 0
digital.vasic.translator/pkg/api/handler.go:1989.16,1990.23 1 0
digital.vasic.translator/pkg/api/handler.go:1991.15,1992.22 1 0
digital.vasic.translator/pkg/api/handler.go:1993.16,1994.23 1 0
digital.vasic.translator/pkg/api/handler.go:1995.11,1997.10 2 0
digital.vasic.translator/pkg/api/handler.go:2002.2,2002.26 1 1
digital.vasic.translator/pkg/api/handler.go:2002.26,2006.3 3 1
digital.vasic.translator/pkg/api/handler.go:2009.2,2030.4 2 1
digital.vasic.translator/pkg/api/handler.go:2034.53,2037.21 2 1
digital.vasic.translator/pkg/api/handler.go:2037.21,2040.3 2 0
digital.vasic.translator/pkg/api/handler.go:2043.2,2057.4 2 1
digital.vasic.translator/pkg/api/server.go:42.45,53.26 5 1
digital.vasic.translator/pkg/api/server.go:53.26,54.80 1 1
digital.vasic.translator/pkg/api/server.go:54.80,63.4 2 1
digital.vasic.translator/pkg/api/server.go:67.2,67.28 1 1
digital.vasic.translator/pkg/api/server.go:67.28,69.3 1 1
digital.vasic.translator/pkg/api/server.go:72.2,74.15 2 1
digital.vasic.translator/pkg/api/server.go:78.42,80.2 1 1
digital.vasic.translator/pkg/api/server.go:83.51,90.2 2 1
digital.vasic.translator/pkg/api/server.go:93.50,97.2 1 1
digital.vasic.translator/pkg/api/server.go:100.57,102.2 1 1
digital.vasic.translator/pkg/api/server.go:105.51,106.30 1 1
digital.vasic.translator/pkg/api/server.go:106.30,107.65 1 1
digital.vasic.translator/pkg/api/server.go:107.65,110.4 2 1
digital.vasic.translator/pkg/api/server.go:112.3,113.19 2 1
digital.vasic.translator/pkg/api/server.go:113.19,117.4 3 1
digital.vasic.translator/pkg/api/server.go:119.3,119.41 1 1
digital.vasic.translator/pkg/api/server.go:119.41,123.4 3 1
digital.vasic.translator/pkg/api/server.go:125.3,125.11 1 1
digital.vasic.translator/pkg/api/server.go:130.35,136.2 3 1
digital.vasic.translator/pkg/api/server.go:136.2,142.3 5 1
digital.vasic.translator/pkg/api/server.go:146.46,149.31 1 1
digital.vasic.translator/pkg/api/server.go:149.31,150.27 1 1
digital.vasic.translator/pkg/api/server.go:150.27,152.5 1 1
digital.vasic.translator/pkg/api/server.go:153.4,153.17 1 1
digital.vasic.translator/pkg/api/server.go:158.51,165.47 2 1
digital.vasic.translator/pkg/api/server.go:165.47,168.3 2 1
digital.vasic.translator/pkg/api/server.go:170.2,170.25 1 1
digital.vasic.translator/pkg/api/server.go:170.25,173.3 2 0
digital.vasic.translator/pkg/api/server.go:176.2,178.16 3 1
digital.vasic.translator/pkg/api/server.go:178.16,181.3 2 1
digital.vasic.translator/pkg/api/server.go:183.2,187.4 1 1
digital.vasic.translator/pkg/api/server.go:190.51,197.2 1 1
digital.vasic.translator/pkg/api/server.go:199.47,204.2 1 1
digital.vasic.translator/pkg/api/server.go:206.48,209.2 1 1
digital.vasic.translator/pkg/api/server.go:211.47,214.2 1 1
digital.vasic.translator/pkg/preparation/coordinator.go:23.91,24.26 1 1
digital.vasic.translator/pkg/preparation/coordinator.go:24.26,26.3 1 1
digital.vasic.translator/pkg/preparation/coordinator.go:29.2,30.48 2 1
digital.vasic.translator/pkg/preparation/coordinator.go:30.48,41.17 3 1
digital.vasic.translator/pkg/preparation/coordinator.go:41.17,43.12 2 0
digital.vasic.translator/pkg/preparation/coordinator.go:46.3,46.47 1 1
digital.vasic.translator/pkg/preparation/coordinator.go:49.2,49.25 1 1
digital.vasic.translator/pkg/preparation/coordinator.go:49.25,51.3 1 0
digital.vasic.translator/pkg/preparation/coordinator.go:53.2,56.8 1 1
digital.vasic.translator/pkg/preparation/coordinator.go:60.114,81.62 7 1
digital.vasic.translator/pkg/preparation/coordinator.go:81.62,91.17 5 1
digital.vasic.translator/pkg/preparation/coordinator.go:91.17,93.12 2 1
digital.vasic.translator/pkg/preparation/coordinator.go:96.3,101.37 4 1
digital.vasic.translator/pkg/preparation/coordinator.go:105.2,105.31 1 1
digital.vasic.translator/pkg/preparation/coordinator.go:105.31,108.17 3 1
digital.vasic.translator/pkg/preparation/coordinator.go:108.17,110.4 1 0
digital.vasic.translator/pkg/preparation/coordinator.go:110.9,112.30 1 1
digital.vasic.translator/pkg/preparation/coordinator.go:112.30,114.5 1 1
digital.vasic.translator/pkg/preparation/coordinator.go:119.2,119.28 1 1
digital.vasic.translator/pkg/preparation/coordinator.go:119.28,122.17 3 0
digital.vasic.translator/pkg/preparation/coordinator.go:122.17,126.4 2 0
digital.vasic.translator/pkg/preparation/coordinator.go:126.9,128.4 1 0
digital.vasic.translator/pkg/preparation/coordinator.go:129.8,129.36 1 1
digital.vasic.translator/pkg/preparation/coordinator.go:129.36,131.3 1 1
digital.vasic.translator/pkg/preparation/coordinator.go:133.2,142.20 5 1
digital.vasic.translator/pkg/preparation/coordinator.go:152.29,162.29 3 1
digital.vasic.translator/pkg/preparation/coordinator.go:162.29,164.3 1 0
digital.vasic.translator/pkg/preparation/coordinator.go:166.2,167.18 2 1
digital.vasic.translator/pkg/preparation/coordinator.go:167.18,169.3 1 1
digital.vasic.translator/pkg/preparation/coordinator.go:169.8,171.3 1 0
digital.vasic.translator/pkg/preparation/coordinator.go:174.2,175.16 2 1
digital.vasic.translator/pkg/preparation/coordinator.go:175.16,177.3 1 1
digital.vasic.translator/pkg/preparation/coordinator.go:180.2,181.16 2 1
digital.vasic.translator/pkg/preparation/coordinator.go:181.16,183.3 1 0
digital.vasic.translator/pkg/preparation/coordinator.go:186.2,199.18 5 1
digital.vasic.translator/pkg/preparation/coordinator.go:203.117,219.40 7 1
digital.vasic.translator/pkg/preparation/coordinator.go:219.40,221.45 2 1
digital.vasic.translator/pkg/preparation/coordinator.go:221.45,225.17 3 1
digital.vasic.translator/pkg/preparation/coordinator.go:225.17,225.32 1 1
digital.vasic.translator/pkg/preparation/coordinator.go:228.4,239.18 4 1
digital.vasic.translator/pkg/preparation/coordinator.go:239.18,242.5 2 0
digital.vasic.translator/pkg/preparation/coordinator.go:245.4,246.83 2 1
digital.vasic.translator/pkg/preparation/coordinator.go:246.83,249.5 2 0
digital.vasic.translator/pkg/preparation/coordinator.go:251.4,255.59 4 1
digital.vasic.translator/pkg/preparation/coordinator.go:259.2,261.22 2 1
digital.vasic.translator/pkg/preparation/coordinator.go:268.29,271.30 2 1
digital.vasic.translator/pkg/preparation/coordinator.go:271.30,273.3 1 1
digital.vasic.translator/pkg/preparation/coordinator.go:276.2,286.16 5 1
digital.vasic.translator/pkg/preparation/coordinator.go:286.16,288.3 1 0
digital.vasic.translator/pkg/preparation/coordinator.go:291.2,291.43 1 1
digital.vasic.translator/pkg/preparation/coordinator.go:295.100,300.67 3 1
digital.vasic.translator/pkg/preparation/coordinator.go:300.67,302.3 1 1
digital.vasic.translator/pkg/preparation/coordinator.go:304.2,304.23 1 1
digital.vasic.translator/pkg/preparation/coordinator.go:308.79,313.36 3 1
digital.vasic.translator/pkg/preparation/coordinator.go:313.36,315.3 1 1
digital.vasic.translator/pkg/preparation/coordinator.go:316.2,319.40 2 1
digital.vasic.translator/pkg/preparation/coordinator.go:319.40,321.26 2 1
digital.vasic.translator/pkg/preparation/coordinator.go:321.26,323.4 1 1
digital.vasic.translator/pkg/preparation/coordinator.go:324.3,327.44 2 1
digital.vasic.translator/pkg/preparation/coordinator.go:327.44,330.4 2 1
digital.vasic.translator/pkg/preparation/coordinator.go:333.2,333.25 1 1
digital.vasic.translator/pkg/preparation/coordinator.go:337.88,339.43 2 1
digital.vasic.translator/pkg/preparation/coordinator.go:339.43,342.3 2 1
digital.vasic.translator/pkg/preparation/coordinator.go:343.2,343.25 1 1
digital.vasic.translator/pkg/preparation/coordinator.go:347.42,349.52 1 1
digital.vasic.translator/pkg/preparation/coordinator.go:349.52,350.65 1 1
digital.vasic.translator/pkg/preparation/coordinator.go:350.65,352.4 1 1
digital.vasic.translator/pkg/preparation/coordinator.go:354.2,354.17 1 1
digital.vasic.translator/pkg/preparation/coordinator.go:358.38,361.2 1 1
digital.vasic.translator/pkg/preparation/prompts.go:18.107,24.2 1 1
digital.vasic.translator/pkg/preparation/prompts.go:27.110,30.2 2 1
digital.vasic.translator/pkg/preparation/prompts.go:33.86,136.2 1 1
digital.vasic.translator/pkg/preparation/prompts.go:139.81,140.31 1 1
digital.vasic.translator/pkg/preparation/prompts.go:140.31,142.3 1 1
digital.vasic.translator/pkg/preparation/prompts.go:144.2,187.147 2 1
digital.vasic.translator/pkg/preparation/prompts.go:191.123,246.2 1 1
digital.vasic.translator/pkg/preparation/prompts.go:249.96,251.36 2 1
digital.vasic.translator/pkg/preparation/prompts.go:251.36,257.3 4 1
digital.vasic.translator/pkg/preparation/prompts.go:259.2,287.75 1 1
digital.vasic.translator/pkg/preparation/prompts.go:291.59,292.30 1 1
digital.vasic.translator/pkg/preparation/prompts.go:292.30,294.3 1 1
digital.vasic.translator/pkg/preparation/prompts.go:297.2,302.49 5 1
digital.vasic.translator/pkg/preparation/prompts.go:302.49,304.3 1 1
digital.vasic.translator/pkg/preparation/prompts.go:304.8,304.58 1 1
digital.vasic.translator/pkg/preparation/prompts.go:304.58,306.3 1 1
digital.vasic.translator/pkg/preparation/prompts.go:308.2,309.28 2 1
digital.vasic.translator/pkg/preparation/prompts.go:309.28,312.3 1 0
digital.vasic.translator/pkg/preparation/prompts.go:315.2,315.49 1 1
digital.vasic.translator/pkg/preparation/prompts.go:315.49,317.3 1 0
digital.vasic.translator/pkg/preparation/prompts.go:318.2,318.74 1 1
digital.vasic.translator/pkg/preparation/translator.go:31.31,40.2 1 1
digital.vasic.translator/pkg/preparation/translator.go:48.9,50.27 1 1
digital.vasic.translator/pkg/preparation/translator.go:50.27,51.76 1 1
digital.vasic.translator/pkg/preparation/translator.go:51.76,58.4 3 0
digital.vasic.translator/pkg/preparation/translator.go:62.2,62.76 1 1
digital.vasic.translator/pkg/preparation/translator.go:71.9,82.16 3 1
digital.vasic.translator/pkg/preparation/translator.go:82.16,84.3 1 0
digital.vasic.translator/pkg/preparation/translator.go:87.2,88.16 2 1
digital.vasic.translator/pkg/preparation/translator.go:88.16,90.3 1 0
digital.vasic.translator/pkg/preparation/translator.go:92.2,111.12 4 1
digital.vasic.translator/pkg/preparation/translator.go:120.9,125.54 3 1
digital.vasic.translator/pkg/preparation/translator.go:125.54,129.25 3 1
digital.vasic.translator/pkg/preparation/translator.go:129.25,131.4 1 0
digital.vasic.translator/pkg/preparation/translator.go:133.3,134.17 2 1
digital.vasic.translator/pkg/preparation/translator.go:134.17,143.4 3 1
digital.vasic.translator/pkg/preparation/translator.go:147.2,147.34 1 1
digital.vasic.translator/pkg/preparation/translator.go:147.34,149.3 1 1
digital.vasic.translator/pkg/preparation/translator.go:152.2,153.88 2 1
digital.vasic.translator/pkg/preparation/translator.go:153.88,155.3 1 0
digital.vasic.translator/pkg/preparation/translator.go:158.2,159.31 2 1
digital.vasic.translator/pkg/preparation/translator.go:159.31,171.107 3 1
digital.vasic.translator/pkg/preparation/translator.go:171.107,173.4 1 0
digital.vasic.translator/pkg/preparation/translator.go:177.2,179.12 2 1
digital.vasic.translator/pkg/preparation/translator.go:183.81,184.34 1 1
digital.vasic.translator/pkg/preparation/translator.go:184.34,186.3 1 1
digital.vasic.translator/pkg/preparation/translator.go:188.2,188.80 1 1
digital.vasic.translator/pkg/preparation/translator.go:197.9,199.67 1 1
digital.vasic.translator/pkg/preparation/translator.go:199.67,207.17 2 1
digital.vasic.translator/pkg/preparation/translator.go:207.17,209.4 1 0
digital.vasic.translator/pkg/preparation/translator.go:210.3,210.30 1 1
digital.vasic.translator/pkg/preparation/translator.go:214.2,214.32 1 1
digital.vasic.translator/pkg/preparation/translator.go:214.32,216.35 2 1
digital.vasic.translator/pkg/preparation/translator.go:216.35,220.4 2 1
digital.vasic.translator/pkg/preparation/translator.go:222.3,229.17 2 1
digital.vasic.translator/pkg/preparation/translator.go:229.17,231.4 1 0
digital.vasic.translator/pkg/preparation/translator.go:231.9,233.4 1 1
digital.vasic.translator/pkg/preparation/translator.go:239.2,239.12 1 1
digital.vasic.translator/pkg/preparation/translator.go:243.75,244.34 1 1
digital.vasic.translator/pkg/preparation/translator.go:244.34,246.3 1 1
digital.vasic.translator/pkg/preparation/translator.go:249.2,249.77 1 1
digital.vasic.translator/pkg/preparation/translator.go:249.77,250.72 1 1
digital.vasic.translator/pkg/preparation/translator.go:250.72,252.4 1 1
digital.vasic.translator/pkg/preparation/translator.go:255.2,255.14 1 1
digital.vasic.translator/pkg/preparation/translator.go:265.9,267.25 1 1
digital.vasic.translator/pkg/preparation/translator.go:267.25,269.25 2 1
digital.vasic.translator/pkg/preparation/translator.go:269.25,271.4 1 0
digital.vasic.translator/pkg/preparation/translator.go:271.9,273.4 1 1
digital.vasic.translator/pkg/preparation/translator.go:275.3,282.17 2 1
digital.vasic.translator/pkg/preparation/translator.go:282.17,284.4 1 0
digital.vasic.translator/pkg/preparation/translator.go:285.3,285.29 1 1
digital.vasic.translator/pkg/preparation/translator.go:289.2,289.34 1 1
digital.vasic.translator/pkg/preparation/translator.go:289.34,290.107 1 1
digital.vasic.translator/pkg/preparation/translator.go:290.107,292.4 1 0
digital.vasic.translator/pkg/preparation/translator.go:295.2,295.12 1 1
digital.vasic.translator/pkg/preparation/translator.go:305.9,307.25 1 1
digital.vasic.translator/pkg/preparation/translator.go:307.25,309.25 2 1
digital.vasic.translator/pkg/preparation/translator.go:309.25,311.4 1 0
digital.vasic.translator/pkg/preparation/translator.go:311.9,313.4 1 1
digital.vasic.translator/pkg/preparation/translator.go:315.3,322.17 2 1
digital.vasic.translator/pkg/preparation/translator.go:322.17,324.4 1 0
digital.vasic.translator/pkg/preparation/translator.go:325.3,325.29 1 1
digital.vasic.translator/pkg/preparation/translator.go:329.2,329.27 1 1
digital.vasic.translator/pkg/preparation/translator.go:329.27,331.27 2 1
digital.vasic.translator/pkg/preparation/translator.go:331.27,333.4 1 0
digital.vasic.translator/pkg/preparation/translator.go:333.9,335.4 1 1
digital.vasic.translator/pkg/preparation/translator.go:337.3,344.17 2 1
digital.vasic.translator/pkg/preparation/translator.go:344.17,346.4 1 0
digital.vasic.translator/pkg/preparation/translator.go:347.3,347.31 1 1
digital.vasic.translator/pkg/preparation/translator.go:351.2,351.37 1 1
digital.vasic.translator/pkg/preparation/translator.go:351.37,352.110 1 1
digital.vasic.translator/pkg/preparation/translator.go:352.110,354.4 1 0
digital.vasic.translator/pkg/preparation/translator.go:357.2,357.12 1 1
digital.vasic.translator/pkg/preparation/translator.go:361.82,363.2 1 1
digital.vasic.translator/pkg/preparation/translator.go:366.89,367.34 1 1
digital.vasic.translator/pkg/preparation/translator.go:367.34,369.3 1 1
digital.vasic.translator/pkg/preparation/translator.go:371.2,371.65 1 1
digital.vasic.translator/pkg/preparation/utils.go:11.80,14.47 2 1
digital.vasic.translator/pkg/preparation/utils.go:14.47,16.3 1 0
digital.vasic.translator/pkg/preparation/utils.go:19.2,20.16 2 1
digital.vasic.translator/pkg/preparation/utils.go:20.16,22.3 1 0
digital.vasic.translator/pkg/preparation/utils.go:25.2,25.61 1 1
digital.vasic.translator/pkg/preparation/utils.go:25.61,27.3 1 0
digital.vasic.translator/pkg/preparation/utils.go:29.2,29.12 1 1
digital.vasic.translator/pkg/preparation/utils.go:33.74,36.16 2 0
digital.vasic.translator/pkg/preparation/utils.go:36.16,38.3 1 0
digital.vasic.translator/pkg/preparation/utils.go:41.2,42.54 2 0
digital.vasic.translator/pkg/preparation/utils.go:42.54,44.3 1 0
digital.vasic.translator/pkg/preparation/utils.go:46.2,46.21 1 0
digital.vasic.translator/pkg/preparation/utils.go:50.65,64.33 11 1
digital.vasic.translator/pkg/preparation/utils.go:64.33,66.3 1 0
digital.vasic.translator/pkg/preparation/utils.go:67.2,78.33 10 1
digital.vasic.translator/pkg/preparation/utils.go:78.33,80.44 2 0
digital.vasic.translator/pkg/preparation/utils.go:80.44,82.4 1 0
digital.vasic.translator/pkg/preparation/utils.go:83.3,83.18 1 0
digital.vasic.translator/pkg/preparation/utils.go:86.2,86.43 1 1
digital.vasic.translator/pkg/preparation/utils.go:86.43,89.17 3 0
digital.vasic.translator/pkg/preparation/utils.go:89.17,91.4 1 0
digital.vasic.translator/pkg/preparation/utils.go:92.3,92.30 1 0
digital.vasic.translator/pkg/preparation/utils.go:92.30,95.4 2 0
digital.vasic.translator/pkg/preparation/utils.go:96.3,96.45 1 0
digital.vasic.translator/pkg/preparation/utils.go:96.45,98.4 1 0
digital.vasic.translator/pkg/preparation/utils.go:99.3,99.18 1 0
digital.vasic.translator/pkg/preparation/utils.go:102.2,102.34 1 1
digital.vasic.translator/pkg/preparation/utils.go:102.34,104.44 2 0
digital.vasic.translator/pkg/preparation/utils.go:104.44,106.32 2 0
digital.vasic.translator/pkg/preparation/utils.go:106.32,108.5 1 0
digital.vasic.translator/pkg/preparation/utils.go:110.3,110.18 1 0
digital.vasic.translator/pkg/preparation/utils.go:113.2,113.40 1 1
digital.vasic.translator/pkg/preparation/utils.go:113.40,115.54 2 0
digital.vasic.translator/pkg/preparation/utils.go:115.54,116.35 1 0
digital.vasic.translator/pkg/preparation/utils.go:116.35,119.5 2 0
digital.vasic.translator/pkg/preparation/utils.go:121.3,121.18 1 0
digital.vasic.translator/pkg/preparation/utils.go:124.2,126.16 2 1
digital.vasic.translator/pkg/preparation/utils.go:131.78,142.43 6 1
digital.vasic.translator/pkg/preparation/utils.go:142.43,144.53 2 0
digital.vasic.translator/pkg/preparation/utils.go:144.53,146.4 1 0
digital.vasic.translator/pkg/preparation/utils.go:147.3,147.18 1 0
digital.vasic.translator/pkg/preparation/utils.go:151.2,151.34 1 1
digital.vasic.translator/pkg/preparation/utils.go:151.34,153.44 2 1
digital.vasic.translator/pkg/preparation/utils.go:153.44,154.32 1 1
digital.vasic.translator/pkg/preparation/utils.go:154.32,156.5 1 1
digital.vasic.translator/pkg/preparation/utils.go:158.3,158.18 1 1
digital.vasic.translator/pkg/preparation/utils.go:162.2,162.67 1 1
digital.vasic.translator/pkg/preparation/utils.go:162.67,166.39 4 1
digital.vasic.translator/pkg/preparation/utils.go:166.39,168.51 2 0
digital.vasic.translator/pkg/preparation/utils.go:168.51,170.5 1 0
digital.vasic.translator/pkg/preparation/utils.go:172.3,172.18 1 1
digital.vasic.translator/pkg/preparation/utils.go:175.2,175.16 1 1
digital.vasic.translator/pkg/hardware/detector.go:27.30,29.2 1 1
digital.vasic.translator/pkg/hardware/detector.go:32.52,41.16 4 1
digital.vasic.translator/pkg/hardware/detector.go:41.16,43.3 1 0
digital.vasic.translator/pkg/hardware/detector.go:45.2,46.16 2 1
digital.vasic.translator/pkg/hardware/detector.go:46.16,49.3 1 0
digital.vasic.translator/pkg/hardware/detector.go:52.2,53.16 2 1
digital.vasic.translator/pkg/hardware/detector.go:53.16,55.3 1 0
digital.vasic.translator/pkg/hardware/detector.go:57.2,58.16 2 1
digital.vasic.translator/pkg/hardware/detector.go:58.16,60.3 1 0
digital.vasic.translator/pkg/hardware/detector.go:63.2,68.18 3 1
digital.vasic.translator/pkg/hardware/detector.go:72.50,73.22 1 1
digital.vasic.translator/pkg/hardware/detector.go:74.16,75.25 1 0
digital.vasic.translator/pkg/hardware/detector.go:76.15,77.25 1 1
digital.vasic.translator/pkg/hardware/detector.go:78.17,79.27 1 0
digital.vasic.translator/pkg/hardware/detector.go:80.10,81.73 1 0
digital.vasic.translator/pkg/hardware/detector.go:86.50,89.16 3 1
digital.vasic.translator/pkg/hardware/detector.go:89.16,91.3 1 1
digital.vasic.translator/pkg/hardware/detector.go:93.2,94.16 2 0
digital.vasic.translator/pkg/hardware/detector.go:94.16,96.3 1 0
digital.vasic.translator/pkg/hardware/detector.go:98.2,98.22 1 0
digital.vasic.translator/pkg/hardware/detector.go:102.50,105.16 3 1
digital.vasic.translator/pkg/hardware/detector.go:105.16,107.3 1 0
digital.vasic.translator/pkg/hardware/detector.go:110.2,111.20 2 1
digital.vasic.translator/pkg/hardware/detector.go:111.20,113.3 1 0
digital.vasic.translator/pkg/hardware/detector.go:115.2,116.16 2 1
digital.vasic.translator/pkg/hardware/detector.go:116.16,118.3 1 0
digital.vasic.translator/pkg/hardware/detector.go:120.2,120.26 1 1
digital.vasic.translator/pkg/hardware/detector.go:124.52,127.16 3 1
digital.vasic.translator/pkg/hardware/detector.go:127.16,129.3 1 1
digital.vasic.translator/pkg/hardware/detector.go:131.2,132.20 2 0
digital.vasic.translator/pkg/hardware/detector.go:132.20,134.3 1 0
digital.vasic.translator/pkg/hardware/detector.go:136.2,137.16 2 0
digital.vasic.translator/pkg/hardware/detector.go:137.16,139.3 1 0
digital.vasic.translator/pkg/hardware/detector.go:141.2,141.22 1 0
digital.vasic.translator/pkg/hardware/detector.go:145.54,146.22 1 1
digital.vasic.translator/pkg/hardware/detector.go:147.16,151.17 3 0
digital.vasic.translator/pkg/hardware/detector.go:151.17,153.4 1 0
digital.vasic.translator/pkg/hardware/detector.go:156.3,160.30 4 0
digital.vasic.translator/pkg/hardware/detector.go:160.30,161.45 1 0
digital.vasic.translator/pkg/hardware/detector.go:161.45,163.24 2 0
digital.vasic.translator/pkg/hardware/detector.go:163.24,166.6 2 0
digital.vasic.translator/pkg/hardware/detector.go:167.10,167.56 1 0
digital.vasic.translator/pkg/hardware/detector.go:167.56,169.24 2 0
digital.vasic.translator/pkg/hardware/detector.go:169.24,172.6 2 0
digital.vasic.translator/pkg/hardware/detector.go:173.10,173.59 1 0
digital.vasic.translator/pkg/hardware/detector.go:173.59,175.24 2 0
digital.vasic.translator/pkg/hardware/detector.go:175.24,178.6 2 0
digital.vasic.translator/pkg/hardware/detector.go:179.10,179.53 1 0
digital.vasic.translator/pkg/hardware/detector.go:179.53,181.32 2 0
digital.vasic.translator/pkg/hardware/detector.go:181.32,182.42 1 0
digital.vasic.translator/pkg/hardware/detector.go:182.42,184.12 2 0
digital.vasic.translator/pkg/hardware/detector.go:191.3,192.45 2 0
digital.vasic.translator/pkg/hardware/detector.go:194.15,197.17 3 1
digital.vasic.translator/pkg/hardware/detector.go:197.17,199.4 1 0
digital.vasic.translator/pkg/hardware/detector.go:201.3,202.21 2 1
digital.vasic.translator/pkg/hardware/detector.go:202.21,204.4 1 0
digital.vasic.translator/pkg/hardware/detector.go:206.3,207.17 2 1
digital.vasic.translator/pkg/hardware/detector.go:207.17,209.4 1 0
digital.vasic.translator/pkg/hardware/detector.go:211.3,211.29 1 1
digital.vasic.translator/pkg/hardware/detector.go:213.17,218.17 3 0
digital.vasic.translator/pkg/hardware/detector.go:218.17,220.4 1 0
digital.vasic.translator/pkg/hardware/detector.go:222.3,223.17 2 0
digital.vasic.translator/pkg/hardware/detector.go:223.17,225.4 1 0
digital.vasic.translator/pkg/hardware/detector.go:227.3,227.25 1 0
digital.vasic.translator/pkg/hardware/detector.go:229.51,233.17 3 0
digital.vasic.translator/pkg/hardware/detector.go:233.17,235.4 1 0
digital.vasic.translator/pkg/hardware/detector.go:238.3,239.21 2 0
digital.vasic.translator/pkg/hardware/detector.go:239.21,241.4 1 0
digital.vasic.translator/pkg/hardware/detector.go:243.3,244.17 2 0
digital.vasic.translator/pkg/hardware/detector.go:244.17,246.4 1 0
digital.vasic.translator/pkg/hardware/detector.go:249.3,249.46 1 0
digital.vasic.translator/pkg/hardware/detector.go:251.10,252.63 1 0
digital.vasic.translator/pkg/hardware/detector.go:257.50,258.22 1 1
digital.vasic.translator/pkg/hardware/detector.go:259.16,262.17 3 0
digital.vasic.translator/pkg/hardware/detector.go:262.17,264.4 1 0
digital.vasic.translator/pkg/hardware/detector.go:265.3,265.48 1 0
digital.vasic.translator/pkg/hardware/detector.go:267.15,270.17 3 1
digital.vasic.translator/pkg/hardware/detector.go:270.17,272.4 1 0
digital.vasic.translator/pkg/hardware/detector.go:273.3,274.21 2 1
digital.vasic.translator/pkg/hardware/detector.go:274.21,276.4 1 0
digital.vasic.translator/pkg/hardware/detector.go:277.3,277.42 1 1
digital.vasic.translator/pkg/hardware/detector.go:279.17,284.17 3 0
digital.vasic.translator/pkg/hardware/detector.go:284.17,286.4 1 0
digital.vasic.translator/pkg/hardware/detector.go:287.3,287.48 1 0
digital.vasic.translator/pkg/hardware/detector.go:289.51,293.17 3 0
digital.vasic.translator/pkg/hardware/detector.go:293.17,295.4 1 0
digital.vasic.translator/pkg/hardware/detector.go:298.3,299.21 2 0
digital.vasic.translator/pkg/hardware/detector.go:299.21,301.4 1 0
digital.vasic.translator/pkg/hardware/detector.go:303.3,303.42 1 0
digital.vasic.translator/pkg/hardware/detector.go:305.10,306.64 1 0
digital.vasic.translator/pkg/hardware/detector.go:311.47,312.22 1 1
digital.vasic.translator/pkg/hardware/detector.go:313.16,316.17 3 0
digital.vasic.translator/pkg/hardware/detector.go:316.17,318.4 1 0
digital.vasic.translator/pkg/hardware/detector.go:319.3,320.17 2 0
digital.vasic.translator/pkg/hardware/detector.go:320.17,322.4 1 0
digital.vasic.translator/pkg/hardware/detector.go:323.3,323.20 1 0
digital.vasic.translator/pkg/hardware/detector.go:325.15,328.17 3 1
digital.vasic.translator/pkg/hardware/detector.go:328.17,330.4 1 0
digital.vasic.translator/pkg/hardware/detector.go:332.3,332.60 1 1
digital.vasic.translator/pkg/hardware/detector.go:332.60,333.53 1 1
digital.vasic.translator/pkg/hardware/detector.go:333.53,335.24 2 1
digital.vasic.translator/pkg/hardware/detector.go:335.24,337.20 2 1
digital.vasic.translator/pkg/hardware/detector.go:337.20,339.7 1 1
digital.vasic.translator/pkg/hardware/detector.go:343.3,343.53 1 0
digital.vasic.translator/pkg/hardware/detector.go:345.17,350.17 3 0
digital.vasic.translator/pkg/hardware/detector.go:350.17,352.4 1 0
digital.vasic.translator/pkg/hardware/detector.go:353.3,354.17 2 0
digital.vasic.translator/pkg/hardware/detector.go:354.17,356.4 1 0
digital.vasic.translator/pkg/hardware/detector.go:357.3,357.20 1 0
digital.vasic.translator/pkg/hardware/detector.go:359.51,363.17 3 0
digital.vasic.translator/pkg/hardware/detector.go:363.17,365.4 1 0
digital.vasic.translator/pkg/hardware/detector.go:368.3,369.21 2 0
digital.vasic.translator/pkg/hardware/detector.go:369.21,371.4 1 0
digital.vasic.translator/pkg/hardware/detector.go:373.3,374.17 2 0
digital.vasic.translator/pkg/hardware/detector.go:374.17,376.4 1 0
digital.vasic.translator/pkg/hardware/detector.go:378.3,378.20 1 0
digital.vasic.translator/pkg/hardware/detector.go:380.10,381.63 1 0
digital.vasic.translator/pkg/hardware/detector.go:386.47,388.59 1 1
digital.vasic.translator/pkg/hardware/detector.go:388.59,390.3 1 0
digital.vasic.translator/pkg/hardware/detector.go:393.2,393.55 1 1
digital.vasic.translator/pkg/hardware/detector.go:393.55,395.3 1 1
digital.vasic.translator/pkg/hardware/detector.go:398.2,398.53 1 0
digital.vasic.translator/pkg/hardware/detector.go:398.53,400.3 1 0
digital.vasic.translator/pkg/hardware/detector.go:403.2,403.55 1 0
digital.vasic.translator/pkg/hardware/detector.go:403.55,405.3 1 0
digital.vasic.translator/pkg/hardware/detector.go:408.2,408.31 1 0
digital.vasic.translator/pkg/hardware/detector.go:408.31,412.35 2 0
digital.vasic.translator/pkg/hardware/detector.go:412.35,415.4 1 0
digital.vasic.translator/pkg/hardware/detector.go:418.2,418.18 1 0
digital.vasic.translator/pkg/hardware/detector.go:423.83,434.12 3 1
digital.vasic.translator/pkg/hardware/detector.go:434.12,436.3 1 1
digital.vasic.translator/pkg/hardware/detector.go:439.2,442.21 2 1
digital.vasic.translator/pkg/hardware/detector.go:442.21,444.3 1 1
digital.vasic.translator/pkg/hardware/detector.go:444.8,444.28 1 1
digital.vasic.translator/pkg/hardware/detector.go:444.28,446.3 1 1
digital.vasic.translator/pkg/hardware/detector.go:446.8,446.28 1 1
digital.vasic.translator/pkg/hardware/detector.go:446.28,448.3 1 1
digital.vasic.translator/pkg/hardware/detector.go:448.8,448.27 1 1
digital.vasic.translator/pkg/hardware/detector.go:448.27,450.3 1 1
digital.vasic.translator/pkg/hardware/detector.go:450.8,450.27 1 1
digital.vasic.translator/pkg/hardware/detector.go:450.27,452.3 1 1
digital.vasic.translator/pkg/hardware/detector.go:454.2,454.22 1 1
digital.vasic.translator/pkg/hardware/detector.go:458.40,464.14 5 1
digital.vasic.translator/pkg/hardware/detector.go:464.14,466.3 1 1
digital.vasic.translator/pkg/hardware/detector.go:468.2,478.3 1 1
digital.vasic.translator/pkg/hardware/detector.go:482.60,484.2 1 1
digital.vasic.translator/pkg/markdown/epub_to_markdown.go:23.97,28.2 1 1
digital.vasic.translator/pkg/markdown/epub_to_markdown.go:31.94,33.23 1 1
digital.vasic.translator/pkg/markdown/epub_to_markdown.go:33.23,36.3 2 1
digital.vasic.translator/pkg/markdown/epub_to_markdown.go:39.2,39.55 1 1
digital.vasic.translator/pkg/markdown/epub_to_markdown.go:39.55,41.3 1 0
digital.vasic.translator/pkg/markdown/epub_to_markdown.go:44.2,46.16 3 1
digital.vasic.translator/pkg/markdown/epub_to_markdown.go:46.16,49.44 1 1
digital.vasic.translator/pkg/markdown/epub_to_markdown.go:49.44,52.4 2 0
digital.vasic.translator/pkg/markdown/epub_to_markdown.go:53.3,53.17 1 1
digital.vasic.translator/pkg/markdown/epub_to_markdown.go:53.17,55.4 1 1
digital.vasic.translator/pkg/markdown/epub_to_markdown.go:57.2,61.16 3 1
digital.vasic.translator/pkg/markdown/epub_to_markdown.go:61.16,63.3 1 0
digital.vasic.translator/pkg/markdown/epub_to_markdown.go:64.2,68.16 3 1
digital.vasic.translator/pkg/markdown/epub_to_markdown.go:68.16,70.3 1 0
digital.vasic.translator/pkg/markdown/epub_to_markdown.go:73.2,73.27 1 1
digital.vasic.translator/pkg/markdown/epub_to_markdown.go:73.27,76.29 3 1
digital.vasic.translator/pkg/markdown/epub_to_markdown.go:76.29,78.4 1 1
digital.vasic.translator/pkg/markdown/epub_to_markdown.go:82.2,83.29 2 1
digital.vasic.translator/pkg/markdown/epub_to_markdown.go:83.29,86.71 3 1
digital.vasic.translator/pkg/markdown/epub_to_markdown.go:86.71,88.4 1 0
digital.vasic.translator/pkg/markdown/epub_to_markdown.go:92.2,92.51 1 1
digital.vasic.translator/pkg/markdown/epub_to_markdown.go:92.51,94.3 1 0
digital.vasic.translator/pkg/markdown/epub_to_markdown.go:97.2,102.31 4 1
digital.vasic.translator/pkg/markdown/epub_to_markdown.go:102.31,104.3 1 1
digital.vasic.translator/pkg/markdown/epub_to_markdown.go:105.2,105.32 1 1
digital.vasic.translator/pkg/markdown/epub_to_markdown.go:105.32,109.3 2 1
digital.vasic.translator/pkg/markdown/epub_to_markdown.go:110.2,110.30 1 1
digital.vasic.translator/pkg/markdown/epub_to_markdown.go:110.30,112.3 1 1
digital.vasic.translator/pkg/markdown/epub_to_markdown.go:113.2,114.25 2 1
digital.vasic.translator/pkg/markdown/epub_to_markdown.go:114.25,116.3 1 1
digital.vasic.translator/pkg/markdown/epub_to_markdown.go:117.2,117.25 1 1
digital.vasic.translator/pkg/markdown/epub_to_markdown.go:117.25,119.3 1 1
digital.vasic.translator/pkg/markdown/epub_to_markdown.go:120.2,120.25 1 1
digital.vasic.translator/pkg/markdown/epub_to_markdown.go:120.25,122.3 1 1
digital.vasic.translator/pkg/markdown/epub_to_markdown.go:123.2,127.31 3 1
digital.vasic.translator/pkg/markdown/epub_to_markdown.go:127.31,129.3 1 1
digital.vasic.translator/pkg/markdown/epub_to_markdown.go:130.2,133.45 2 1
digital.vasic.translator/pkg/markdown/epub_to_markdown.go:133.45,135.28 2 1
digital.vasic.translator/pkg/markdown/epub_to_markdown.go:135.28,136.26 1 1
digital.vasic.translator/pkg/markdown/epub_to_markdown.go:136.26,138.38 2 1
digital.vasic.translator/pkg/markdown/epub_to_markdown.go:138.38,141.6 2 1
digital.vasic.translator/pkg/markdown/epub_to_markdown.go:142.5,142.10 1 1
digital.vasic.translator/pkg/markdown/epub_to_markdown.go:148.2,148.85 1 1
digital.vasic.translator/pkg/markdown/epub_to_markdown.go:148.85,150.3 1 0
digital.vasic.translator/pkg/markdown/epub_to_markdown.go:152.2,152.12 1 1
digital.vasic.translator/pkg/markdown/epub_to_markdown.go:156.116,159.27 2 1
digital.vasic.translator/pkg/markdown/epub_to_markdown.go:159.27,160.41 1 1
digital.vasic.translator/pkg/markdown/epub_to_markdown.go:160.41,163.18 3 1
digital.vasic.translator/pkg/markdown/epub_to_markdown.go:163.18,165.5 1 0
digital.vasic.translator/pkg/markdown/epub_to_markdown.go:166.4,166.9 1 1
digital.vasic.translator/pkg/markdown/epub_to_markdown.go:170.2,170.19 1 1
digital.vasic.translator/pkg/markdown/epub_to_markdown.go:170.19,172.3 1 0
digital.vasic.translator/pkg/markdown/epub_to_markdown.go:175.2,176.55 2 1
digital.vasic.translator/pkg/markdown/epub_to_markdown.go:176.55,178.3 1 1
digital.vasic.translator/pkg/markdown/epub_to_markdown.go:181.2,183.27 3 1
digital.vasic.translator/pkg/markdown/epub_to_markdown.go:183.27,184.24 1 1
digital.vasic.translator/pkg/markdown/epub_to_markdown.go:184.24,187.18 3 1
digital.vasic.translator/pkg/markdown/epub_to_markdown.go:187.18,189.5 1 0
digital.vasic.translator/pkg/markdown/epub_to_markdown.go:190.4,190.9 1 1
digital.vasic.translator/pkg/markdown/epub_to_markdown.go:194.2,194.45 1 1
digital.vasic.translator/pkg/markdown/epub_to_markdown.go:198.79,200.16 2 1
digital.vasic.translator/pkg/markdown/epub_to_markdown.go:200.16,202.3 1 0
digital.vasic.translator/pkg/markdown/epub_to_markdown.go:203.2,214.62 4 1
digital.vasic.translator/pkg/markdown/epub_to_markdown.go:214.62,216.3 1 0
digital.vasic.translator/pkg/markdown/epub_to_markdown.go:218.2,218.43 1 1
digital.vasic.translator/pkg/markdown/epub_to_markdown.go:218.43,220.3 1 1
digital.vasic.translator/pkg/markdown/epub_to_markdown.go:222.2,222.44 1 0
digital.vasic.translator/pkg/markdown/epub_to_markdown.go:226.125,228.16 2 1
digital.vasic.translator/pkg/markdown/epub_to_markdown.go:228.16,230.3 1 0
digital.vasic.translator/pkg/markdown/epub_to_markdown.go:231.2,263.56 4 1
digital.vasic.translator/pkg/markdown/epub_to_markdown.go:263.56,265.3 1 0
digital.vasic.translator/pkg/markdown/epub_to_markdown.go:267.2,271.33 2 1
digital.vasic.translator/pkg/markdown/epub_to_markdown.go:271.33,273.3 1 1
digital.vasic.translator/pkg/markdown/epub_to_markdown.go:274.2,274.39 1 1
digital.vasic.translator/pkg/markdown/epub_to_markdown.go:274.39,276.3 1 1
digital.vasic.translator/pkg/markdown/epub_to_markdown.go:277.2,277.37 1 1
digital.vasic.translator/pkg/markdown/epub_to_markdown.go:277.37,279.3 1 1
digital.vasic.translator/pkg/markdown/epub_to_markdown.go:280.2,280.32 1 1
digital.vasic.translator/pkg/markdown/epub_to_markdown.go:280.32,282.3 1 1
digital.vasic.translator/pkg/markdown/epub_to_markdown.go:284.2,284.45 1 1
digital.vasic.translator/pkg/markdown/epub_to_markdown.go:284.45,285.69 1 1
digital.vasic.translator/pkg/markdown/epub_to_markdown.go:285.69,287.9 2 1
digital.vasic.translator/pkg/markdown/epub_to_markdown.go:292.2,293.41 2 1
digital.vasic.translator/pkg/markdown/epub_to_markdown.go:293.41,295.3 1 1
digital.vasic.translator/pkg/markdown/epub_to_markdown.go:298.2,299.41 2 1
digital.vasic.translator/pkg/markdown/epub_to_markdown.go:299.41,304.58 1 1
digital.vasic.translator/pkg/markdown/epub_to_markdown.go:304.58,305.51 1 1
digital.vasic.translator/pkg/markdown/epub_to_markdown.go:305.51,307.10 2 1
digital.vasic.translator/pkg/markdown/epub_to_markdown.go:313.2,313.41 1 1
digital.vasic.translator/pkg/markdown/epub_to_markdown.go:313.41,314.27 1 1
digital.vasic.translator/pkg/markdown/epub_to_markdown.go:314.27,315.46 1 1
digital.vasic.translator/pkg/markdown/epub_to_markdown.go:315.46,317.10 2 1
digital.vasic.translator/pkg/markdown/epub_to_markdown.go:322.2,322.21 1 1
digital.vasic.translator/pkg/markdown/epub_to_markdown.go:322.21,324.28 1 1
digital.vasic.translator/pkg/markdown/epub_to_markdown.go:324.28,325.61 1 1
digital.vasic.translator/pkg/markdown/epub_to_markdown.go:325.61,327.19 2 0
digital.vasic.translator/pkg/markdown/epub_to_markdown.go:327.19,330.20 3 0
digital.vasic.translator/pkg/markdown/epub_to_markdown.go:330.20,332.7 1 0
digital.vasic.translator/pkg/markdown/epub_to_markdown.go:334.5,334.10 1 0
digital.vasic.translator/pkg/markdown/epub_to_markdown.go:340.2,341.44 2 1
digital.vasic.translator/pkg/markdown/epub_to_markdown.go:341.44,342.46 1 1
digital.vasic.translator/pkg/markdown/epub_to_markdown.go:342.46,344.4 1 1
digital.vasic.translator/pkg/markdown/epub_to_markdown.go:347.2,347.36 1 1
digital.vasic.translator/pkg/markdown/epub_to_markdown.go:351.102,353.16 2 1
digital.vasic.translator/pkg/markdown/epub_to_markdown.go:353.16,355.3 1 0
digital.vasic.translator/pkg/markdown/epub_to_markdown.go:356.2,359.16 3 1
digital.vasic.translator/pkg/markdown/epub_to_markdown.go:359.16,361.3 1 0
digital.vasic.translator/pkg/markdown/epub_to_markdown.go:364.2,365.16 2 1
digital.vasic.translator/pkg/markdown/epub_to_markdown.go:365.16,367.3 1 0
digital.vasic.translator/pkg/markdown/epub_to_markdown.go:370.2,371.17 2 1
digital.vasic.translator/pkg/markdown/epub_to_markdown.go:371.17,373.3 1 0
digital.vasic.translator/pkg/markdown/epub_to_markdown.go:376.2,382.19 5 1
digital.vasic.translator/pkg/markdown/epub_to_markdown.go:382.19,384.3 1 0
digital.vasic.translator/pkg/markdown/epub_to_markdown.go:386.2,386.21 1 1
digital.vasic.translator/pkg/markdown/epub_to_markdown.go:390.69,391.52 1 1
digital.vasic.translator/pkg/markdown/epub_to_markdown.go:391.52,393.3 1 1
digital.vasic.translator/pkg/markdown/epub_to_markdown.go:394.2,394.69 1 1
digital.vasic.translator/pkg/markdown/epub_to_markdown.go:394.69,395.45 1 1
digital.vasic.translator/pkg/markdown/epub_to_markdown.go:395.45,397.4 1 1
digital.vasic.translator/pkg/markdown/epub_to_markdown.go:399.2,399.12 1 1
digital.vasic.translator/pkg/markdown/epub_to_markdown.go:403.93,404.29 1 1
digital.vasic.translator/pkg/markdown/epub_to_markdown.go:404.29,406.17 2 1
digital.vasic.translator/pkg/markdown/epub_to_markdown.go:406.17,408.4 1 1
digital.vasic.translator/pkg/markdown/epub_to_markdown.go:409.3,409.9 1 1
digital.vasic.translator/pkg/markdown/epub_to_markdown.go:412.2,412.32 1 1
digital.vasic.translator/pkg/markdown/epub_to_markdown.go:412.32,413.17 1 1
digital.vasic.translator/pkg/markdown/epub_to_markdown.go:414.13,417.26 3 1
digital.vasic.translator/pkg/markdown/epub_to_markdown.go:418.13,421.26 3 0
digital.vasic.translator/pkg/markdown/epub_to_markdown.go:422.13,425.26 3 0
digital.vasic.translator/pkg/markdown/epub_to_markdown.go:426.13,429.26 3 0
digital.vasic.translator/pkg/markdown/epub_to_markdown.go:430.13,433.26 3 0
digital.vasic.translator/pkg/markdown/epub_to_markdown.go:434.13,437.26 3 0
digital.vasic.translator/pkg/markdown/epub_to_markdown.go:438.12,441.26 3 1
digital.vasic.translator/pkg/markdown/epub_to_markdown.go:442.13,443.26 1 0
digital.vasic.translator/pkg/markdown/epub_to_markdown.go:444.22,447.24 3 0
digital.vasic.translator/pkg/markdown/epub_to_markdown.go:448.18,451.23 3 0
digital.vasic.translator/pkg/markdown/epub_to_markdown.go:452.15,455.23 3 0
digital.vasic.translator/pkg/markdown/epub_to_markdown.go:456.14,459.31 3 0
digital.vasic.translator/pkg/markdown/epub_to_markdown.go:460.21,463.26 3 0
digital.vasic.translator/pkg/markdown/epub_to_markdown.go:464.13,467.26 3 0
digital.vasic.translator/pkg/markdown/epub_to_markdown.go:468.13,471.26 3 0
digital.vasic.translator/pkg/markdown/epub_to_markdown.go:472.13,473.17 1 0
digital.vasic.translator/pkg/markdown/epub_to_markdown.go:473.17,478.5 4 0
digital.vasic.translator/pkg/markdown/epub_to_markdown.go:479.12,485.23 6 0
digital.vasic.translator/pkg/markdown/epub_to_markdown.go:486.14,491.69 4 0
digital.vasic.translator/pkg/markdown/epub_to_markdown.go:492.13,493.33 1 0
digital.vasic.translator/pkg/markdown/epub_to_markdown.go:494.11,496.35 1 0
digital.vasic.translator/pkg/markdown/epub_to_markdown.go:503.97,504.69 1 1
digital.vasic.translator/pkg/markdown/epub_to_markdown.go:504.69,506.3 1 1
digital.vasic.translator/pkg/markdown/epub_to_markdown.go:510.81,511.30 1 0
digital.vasic.translator/pkg/markdown/epub_to_markdown.go:511.30,512.22 1 0
digital.vasic.translator/pkg/markdown/epub_to_markdown.go:512.22,514.4 1 0
digital.vasic.translator/pkg/markdown/epub_to_markdown.go:516.2,516.11 1 0
digital.vasic.translator/pkg/markdown/epub_to_markdown.go:520.89,521.27 1 1
digital.vasic.translator/pkg/markdown/epub_to_markdown.go:521.27,523.63 1 1
digital.vasic.translator/pkg/markdown/epub_to_markdown.go:523.63,528.31 2 1
digital.vasic.translator/pkg/markdown/epub_to_markdown.go:528.31,529.13 1 1
digital.vasic.translator/pkg/markdown/epub_to_markdown.go:533.4,534.18 2 0
digital.vasic.translator/pkg/markdown/epub_to_markdown.go:534.18,535.13 1 0
digital.vasic.translator/pkg/markdown/epub_to_markdown.go:538.4,540.18 3 0
digital.vasic.translator/pkg/markdown/epub_to_markdown.go:540.18,541.13 1 0
digital.vasic.translator/pkg/markdown/epub_to_markdown.go:545.4,546.63 2 0
digital.vasic.translator/pkg/markdown/epub_to_markdown.go:546.63,548.5 1 0
digital.vasic.translator/pkg/markdown/epub_to_markdown.go:551.2,551.12 1 1
digital.vasic.translator/pkg/markdown/epub_to_markdown.go:555.40,558.2 2 1
digital.vasic.translator/pkg/markdown/epub_to_markdown.go:561.71,567.36 4 1
digital.vasic.translator/pkg/markdown/epub_to_markdown.go:567.36,569.3 1 1
digital.vasic.translator/pkg/markdown/epub_to_markdown.go:570.2,575.36 4 1
digital.vasic.translator/pkg/markdown/epub_to_markdown.go:575.36,577.3 1 1
digital.vasic.translator/pkg/markdown/epub_to_markdown.go:578.2,581.42 2 1
digital.vasic.translator/pkg/markdown/epub_to_markdown.go:581.42,583.26 2 1
digital.vasic.translator/pkg/markdown/epub_to_markdown.go:583.26,585.4 1 1
digital.vasic.translator/pkg/markdown/epub_to_markdown.go:587.3,587.44 1 1
digital.vasic.translator/pkg/markdown/epub_to_markdown.go:587.44,590.4 2 1
digital.vasic.translator/pkg/markdown/epub_to_markdown.go:592.3,592.35 1 1
digital.vasic.translator/pkg/markdown/epub_to_markdown.go:596.2,597.47 2 1
digital.vasic.translator/pkg/markdown/epub_to_markdown.go:597.47,599.3 1 0
digital.vasic.translator/pkg/markdown/epub_to_markdown.go:602.2,602.83 1 1
digital.vasic.translator/pkg/markdown/epub_to_markdown.go:602.83,604.3 1 0
digital.vasic.translator/pkg/markdown/epub_to_markdown.go:606.2,606.12 1 1
digital.vasic.translator/pkg/markdown/markdown_to_epub.go:21.60,26.2 1 1
digital.vasic.translator/pkg/markdown/markdown_to_epub.go:29.88,32.16 2 1
digital.vasic.translator/pkg/markdown/markdown_to_epub.go:32.16,34.3 1 0
digital.vasic.translator/pkg/markdown/markdown_to_epub.go:37.2,38.16 2 1
digital.vasic.translator/pkg/markdown/markdown_to_epub.go:38.16,40.3 1 0
digital.vasic.translator/pkg/markdown/markdown_to_epub.go:43.2,43.21 1 1
digital.vasic.translator/pkg/markdown/markdown_to_epub.go:43.21,45.17 2 1
digital.vasic.translator/pkg/markdown/markdown_to_epub.go:45.17,47.4 1 1
digital.vasic.translator/pkg/markdown/markdown_to_epub.go:50.2,53.57 2 1
digital.vasic.translator/pkg/markdown/markdown_to_epub.go:53.57,55.3 1 0
digital.vasic.translator/pkg/markdown/markdown_to_epub.go:57.2,57.12 1 1
digital.vasic.translator/pkg/markdown/markdown_to_epub.go:61.128,74.21 11 1
digital.vasic.translator/pkg/markdown/markdown_to_epub.go:74.21,78.40 2 1
digital.vasic.translator/pkg/markdown/markdown_to_epub.go:78.40,80.29 2 1
digital.vasic.translator/pkg/markdown/markdown_to_epub.go:80.29,82.13 2 1
digital.vasic.translator/pkg/markdown/markdown_to_epub.go:83.10,83.36 1 1
digital.vasic.translator/pkg/markdown/markdown_to_epub.go:83.36,88.13 4 1
digital.vasic.translator/pkg/markdown/markdown_to_epub.go:92.3,92.20 1 1
digital.vasic.translator/pkg/markdown/markdown_to_epub.go:92.20,94.69 1 1
digital.vasic.translator/pkg/markdown/markdown_to_epub.go:94.69,97.5 1 1
digital.vasic.translator/pkg/markdown/markdown_to_epub.go:98.4,98.12 1 1
digital.vasic.translator/pkg/markdown/markdown_to_epub.go:102.3,102.24 1 1
digital.vasic.translator/pkg/markdown/markdown_to_epub.go:102.24,104.12 2 1
digital.vasic.translator/pkg/markdown/markdown_to_epub.go:108.3,109.85 1 1
digital.vasic.translator/pkg/markdown/markdown_to_epub.go:109.85,112.83 1 1
digital.vasic.translator/pkg/markdown/markdown_to_epub.go:112.83,114.13 2 1
digital.vasic.translator/pkg/markdown/markdown_to_epub.go:118.4,118.29 1 1
digital.vasic.translator/pkg/markdown/markdown_to_epub.go:118.29,124.5 3 1
digital.vasic.translator/pkg/markdown/markdown_to_epub.go:127.4,134.12 4 1
digital.vasic.translator/pkg/markdown/markdown_to_epub.go:138.3,138.53 1 1
digital.vasic.translator/pkg/markdown/markdown_to_epub.go:138.53,139.29 1 1
digital.vasic.translator/pkg/markdown/markdown_to_epub.go:139.29,146.5 4 1
digital.vasic.translator/pkg/markdown/markdown_to_epub.go:147.4,147.12 1 1
digital.vasic.translator/pkg/markdown/markdown_to_epub.go:151.3,151.28 1 1
digital.vasic.translator/pkg/markdown/markdown_to_epub.go:151.28,153.4 1 1
digital.vasic.translator/pkg/markdown/markdown_to_epub.go:157.2,157.27 1 1
digital.vasic.translator/pkg/markdown/markdown_to_epub.go:157.27,162.3 2 1
digital.vasic.translator/pkg/markdown/markdown_to_epub.go:164.2,164.38 1 1
digital.vasic.translator/pkg/markdown/markdown_to_epub.go:164.38,166.3 1 0
digital.vasic.translator/pkg/markdown/markdown_to_epub.go:168.2,168.43 1 1
digital.vasic.translator/pkg/markdown/markdown_to_epub.go:172.102,174.21 2 1
digital.vasic.translator/pkg/markdown/markdown_to_epub.go:174.21,176.3 1 1
digital.vasic.translator/pkg/markdown/markdown_to_epub.go:178.2,181.13 3 1
digital.vasic.translator/pkg/markdown/markdown_to_epub.go:182.15,184.15 2 1
digital.vasic.translator/pkg/markdown/markdown_to_epub.go:185.17,187.35 2 1
digital.vasic.translator/pkg/markdown/markdown_to_epub.go:187.35,189.4 1 1
digital.vasic.translator/pkg/markdown/markdown_to_epub.go:190.3,190.15 1 1
digital.vasic.translator/pkg/markdown/markdown_to_epub.go:191.16,193.12 2 1
digital.vasic.translator/pkg/markdown/markdown_to_epub.go:194.21,196.15 2 1
digital.vasic.translator/pkg/markdown/markdown_to_epub.go:197.19,199.15 2 1
digital.vasic.translator/pkg/markdown/markdown_to_epub.go:200.18,202.15 2 1
digital.vasic.translator/pkg/markdown/markdown_to_epub.go:203.14,205.15 2 1
digital.vasic.translator/pkg/markdown/markdown_to_epub.go:206.14,208.15 2 1
digital.vasic.translator/pkg/markdown/markdown_to_epub.go:209.15,211.15 1 1
digital.vasic.translator/pkg/markdown/markdown_to_epub.go:212.19,212.19 0 0
digital.vasic.translator/pkg/markdown/markdown_to_epub.go:216.2,216.11 1 1
digital.vasic.translator/pkg/markdown/markdown_to_epub.go:220.97,223.16 2 1
digital.vasic.translator/pkg/markdown/markdown_to_epub.go:223.16,225.3 1 0
digital.vasic.translator/pkg/markdown/markdown_to_epub.go:226.2,236.16 5 1
digital.vasic.translator/pkg/markdown/markdown_to_epub.go:236.16,238.3 1 0
digital.vasic.translator/pkg/markdown/markdown_to_epub.go:240.2,240.80 1 1
digital.vasic.translator/pkg/markdown/markdown_to_epub.go:240.80,242.3 1 0
digital.vasic.translator/pkg/markdown/markdown_to_epub.go:245.2,245.52 1 1
digital.vasic.translator/pkg/markdown/markdown_to_epub.go:245.52,247.3 1 0
digital.vasic.translator/pkg/markdown/markdown_to_epub.go:250.2,250.63 1 1
digital.vasic.translator/pkg/markdown/markdown_to_epub.go:250.63,252.3 1 0
digital.vasic.translator/pkg/markdown/markdown_to_epub.go:255.2,255.56 1 1
digital.vasic.translator/pkg/markdown/markdown_to_epub.go:255.56,257.3 1 0
digital.vasic.translator/pkg/markdown/markdown_to_epub.go:260.2,260.35 1 1
digital.vasic.translator/pkg/markdown/markdown_to_epub.go:260.35,264.17 4 1
digital.vasic.translator/pkg/markdown/markdown_to_epub.go:264.17,266.4 1 0
digital.vasic.translator/pkg/markdown/markdown_to_epub.go:269.3,270.44 2 1
digital.vasic.translator/pkg/markdown/markdown_to_epub.go:270.44,271.29 1 1
digital.vasic.translator/pkg/markdown/markdown_to_epub.go:271.29,274.5 2 1
digital.vasic.translator/pkg/markdown/markdown_to_epub.go:278.3,279.56 2 1
digital.vasic.translator/pkg/markdown/markdown_to_epub.go:279.56,281.4 1 0
digital.vasic.translator/pkg/markdown/markdown_to_epub.go:285.2,285.31 1 1
digital.vasic.translator/pkg/markdown/markdown_to_epub.go:285.31,287.17 2 1
digital.vasic.translator/pkg/markdown/markdown_to_epub.go:287.17,289.4 1 0
digital.vasic.translator/pkg/markdown/markdown_to_epub.go:290.3,290.64 1 1
digital.vasic.translator/pkg/markdown/markdown_to_epub.go:290.64,292.4 1 0
digital.vasic.translator/pkg/markdown/markdown_to_epub.go:295.2,295.12 1 1
digital.vasic.translator/pkg/markdown/markdown_to_epub.go:299.72,301.16 2 1
digital.vasic.translator/pkg/markdown/markdown_to_epub.go:301.16,303.3 1 0
digital.vasic.translator/pkg/markdown/markdown_to_epub.go:305.2,313.12 3 1
digital.vasic.translator/pkg/markdown/markdown_to_epub.go:317.99,319.16 2 1
digital.vasic.translator/pkg/markdown/markdown_to_epub.go:319.16,321.3 1 0
digital.vasic.translator/pkg/markdown/markdown_to_epub.go:323.2,331.44 4 1
digital.vasic.translator/pkg/markdown/markdown_to_epub.go:331.44,333.3 1 1
digital.vasic.translator/pkg/markdown/markdown_to_epub.go:334.2,334.34 1 1
digital.vasic.translator/pkg/markdown/markdown_to_epub.go:334.34,336.3 1 1
digital.vasic.translator/pkg/markdown/markdown_to_epub.go:337.2,337.32 1 1
digital.vasic.translator/pkg/markdown/markdown_to_epub.go:337.32,339.3 1 1
digital.vasic.translator/pkg/markdown/markdown_to_epub.go:340.2,343.27 2 1
digital.vasic.translator/pkg/markdown/markdown_to_epub.go:343.27,345.3 1 1
digital.vasic.translator/pkg/markdown/markdown_to_epub.go:345.8,347.3 1 1
digital.vasic.translator/pkg/markdown/markdown_to_epub.go:348.2,348.27 1 1
digital.vasic.translator/pkg/markdown/markdown_to_epub.go:348.27,350.3 1 1
digital.vasic.translator/pkg/markdown/markdown_to_epub.go:353.2,353.31 1 1
digital.vasic.translator/pkg/markdown/markdown_to_epub.go:353.31,355.3 1 1
digital.vasic.translator/pkg/markdown/markdown_to_epub.go:357.2,364.31 4 1
digital.vasic.translator/pkg/markdown/markdown_to_epub.go:364.31,366.3 1 1
digital.vasic.translator/pkg/markdown/markdown_to_epub.go:368.2,368.38 1 1
digital.vasic.translator/pkg/markdown/markdown_to_epub.go:368.38,370.3 1 1
digital.vasic.translator/pkg/markdown/markdown_to_epub.go:371.2,375.38 3 1
digital.vasic.translator/pkg/markdown/markdown_to_epub.go:375.38,377.3 1 1
digital.vasic.translator/pkg/markdown/markdown_to_epub.go:378.2,382.12 4 1
digital.vasic.translator/pkg/markdown/markdown_to_epub.go:386.92,388.16 2 1
digital.vasic.translator/pkg/markdown/markdown_to_epub.go:388.16,390.3 1 0
digital.vasic.translator/pkg/markdown/markdown_to_epub.go:392.2,404.37 5 1
digital.vasic.translator/pkg/markdown/markdown_to_epub.go:404.37,409.3 4 1
digital.vasic.translator/pkg/markdown/markdown_to_epub.go:411.2,414.12 3 1
digital.vasic.translator/pkg/markdown/markdown_to_epub.go:418.113,420.16 2 0
digital.vasic.translator/pkg/markdown/markdown_to_epub.go:420.16,422.3 1 0
digital.vasic.translator/pkg/markdown/markdown_to_epub.go:424.2,436.43 7 0
digital.vasic.translator/pkg/markdown/markdown_to_epub.go:436.43,439.3 2 0
digital.vasic.translator/pkg/markdown/markdown_to_epub.go:441.2,444.12 3 0
digital.vasic.translator/pkg/markdown/markdown_to_epub.go:448.74,457.21 7 1
digital.vasic.translator/pkg/markdown/markdown_to_epub.go:457.21,462.40 3 1
digital.vasic.translator/pkg/markdown/markdown_to_epub.go:462.40,463.19 1 1
digital.vasic.translator/pkg/markdown/markdown_to_epub.go:463.19,467.5 3 0
digital.vasic.translator/pkg/markdown/markdown_to_epub.go:469.4,469.19 1 1
digital.vasic.translator/pkg/markdown/markdown_to_epub.go:469.19,474.5 3 1
digital.vasic.translator/pkg/markdown/markdown_to_epub.go:474.10,477.5 1 1
digital.vasic.translator/pkg/markdown/markdown_to_epub.go:478.4,478.12 1 1
digital.vasic.translator/pkg/markdown/markdown_to_epub.go:482.3,482.18 1 1
digital.vasic.translator/pkg/markdown/markdown_to_epub.go:482.18,483.27 1 1
digital.vasic.translator/pkg/markdown/markdown_to_epub.go:483.27,485.5 1 1
digital.vasic.translator/pkg/markdown/markdown_to_epub.go:486.4,487.12 2 1
digital.vasic.translator/pkg/markdown/markdown_to_epub.go:491.3,491.20 1 1
digital.vasic.translator/pkg/markdown/markdown_to_epub.go:491.20,492.19 1 1
digital.vasic.translator/pkg/markdown/markdown_to_epub.go:492.19,496.5 3 1
digital.vasic.translator/pkg/markdown/markdown_to_epub.go:497.4,497.12 1 1
digital.vasic.translator/pkg/markdown/markdown_to_epub.go:501.3,501.37 1 1
digital.vasic.translator/pkg/markdown/markdown_to_epub.go:501.37,502.19 1 1
digital.vasic.translator/pkg/markdown/markdown_to_epub.go:502.19,506.5 3 0
digital.vasic.translator/pkg/markdown/markdown_to_epub.go:507.4,508.12 2 1
digital.vasic.translator/pkg/markdown/markdown_to_epub.go:512.3,512.43 1 1
digital.vasic.translator/pkg/markdown/markdown_to_epub.go:512.43,513.19 1 1
digital.vasic.translator/pkg/markdown/markdown_to_epub.go:513.19,517.5 3 0
digital.vasic.translator/pkg/markdown/markdown_to_epub.go:518.4,520.12 3 1
digital.vasic.translator/pkg/markdown/markdown_to_epub.go:521.9,521.49 1 1
digital.vasic.translator/pkg/markdown/markdown_to_epub.go:521.49,522.19 1 1
digital.vasic.translator/pkg/markdown/markdown_to_epub.go:522.19,526.5 3 0
digital.vasic.translator/pkg/markdown/markdown_to_epub.go:527.4,529.12 3 1
digital.vasic.translator/pkg/markdown/markdown_to_epub.go:530.9,530.48 1 1
digital.vasic.translator/pkg/markdown/markdown_to_epub.go:530.48,531.19 1 1
digital.vasic.translator/pkg/markdown/markdown_to_epub.go:531.19,535.5 3 0
digital.vasic.translator/pkg/markdown/markdown_to_epub.go:536.4,538.12 3 1
digital.vasic.translator/pkg/markdown/markdown_to_epub.go:539.9,539.47 1 1
digital.vasic.translator/pkg/markdown/markdown_to_epub.go:539.47,540.19 1 1
digital.vasic.translator/pkg/markdown/markdown_to_epub.go:540.19,544.5 3 0
digital.vasic.translator/pkg/markdown/markdown_to_epub.go:545.4,547.12 3 1
digital.vasic.translator/pkg/markdown/markdown_to_epub.go:548.9,548.46 1 1
digital.vasic.translator/pkg/markdown/markdown_to_epub.go:548.46,549.19 1 1
digital.vasic.translator/pkg/markdown/markdown_to_epub.go:549.19,553.5 3 0
digital.vasic.translator/pkg/markdown/markdown_to_epub.go:554.4,556.12 3 1
digital.vasic.translator/pkg/markdown/markdown_to_epub.go:557.9,557.86 1 1
digital.vasic.translator/pkg/markdown/markdown_to_epub.go:557.86,558.19 1 1
digital.vasic.translator/pkg/markdown/markdown_to_epub.go:558.19,562.5 3 0
digital.vasic.translator/pkg/markdown/markdown_to_epub.go:563.4,565.12 3 1
digital.vasic.translator/pkg/markdown/markdown_to_epub.go:569.3,569.19 1 1
digital.vasic.translator/pkg/markdown/markdown_to_epub.go:569.19,571.4 1 1
digital.vasic.translator/pkg/markdown/markdown_to_epub.go:571.9,573.4 1 1
digital.vasic.translator/pkg/markdown/markdown_to_epub.go:574.3,574.40 1 1
digital.vasic.translator/pkg/markdown/markdown_to_epub.go:578.2,578.17 1 1
digital.vasic.translator/pkg/markdown/markdown_to_epub.go:578.17,580.3 1 1
digital.vasic.translator/pkg/markdown/markdown_to_epub.go:583.2,583.17 1 1
digital.vasic.translator/pkg/markdown/markdown_to_epub.go:583.17,585.3 1 0
digital.vasic.translator/pkg/markdown/markdown_to_epub.go:587.2,587.22 1 1
digital.vasic.translator/pkg/markdown/markdown_to_epub.go:591.77,609.2 7 1
digital.vasic.translator/pkg/markdown/markdown_to_epub.go:612.62,619.2 6 1
digital.vasic.translator/pkg/markdown/markdown_to_epub.go:622.82,627.29 4 1
digital.vasic.translator/pkg/markdown/markdown_to_epub.go:627.29,631.36 2 1
digital.vasic.translator/pkg/markdown/markdown_to_epub.go:631.36,632.19 1 1
digital.vasic.translator/pkg/markdown/markdown_to_epub.go:632.19,635.5 2 0
digital.vasic.translator/pkg/markdown/markdown_to_epub.go:636.4,636.84 1 1
digital.vasic.translator/pkg/markdown/markdown_to_epub.go:637.9,637.44 1 1
digital.vasic.translator/pkg/markdown/markdown_to_epub.go:637.44,638.19 1 1
digital.vasic.translator/pkg/markdown/markdown_to_epub.go:638.19,641.5 2 0
digital.vasic.translator/pkg/markdown/markdown_to_epub.go:642.4,642.85 1 1
digital.vasic.translator/pkg/markdown/markdown_to_epub.go:643.9,643.45 1 1
digital.vasic.translator/pkg/markdown/markdown_to_epub.go:643.45,644.19 1 0
digital.vasic.translator/pkg/markdown/markdown_to_epub.go:644.19,647.5 2 0
digital.vasic.translator/pkg/markdown/markdown_to_epub.go:648.4,648.86 1 0
digital.vasic.translator/pkg/markdown/markdown_to_epub.go:649.9,649.24 1 1
digital.vasic.translator/pkg/markdown/markdown_to_epub.go:649.24,651.19 1 1
digital.vasic.translator/pkg/markdown/markdown_to_epub.go:651.19,654.5 2 1
digital.vasic.translator/pkg/markdown/markdown_to_epub.go:655.9,657.20 1 1
digital.vasic.translator/pkg/markdown/markdown_to_epub.go:657.20,660.5 2 1
digital.vasic.translator/pkg/markdown/markdown_to_epub.go:660.10,662.5 1 1
digital.vasic.translator/pkg/markdown/markdown_to_epub.go:663.4,663.53 1 1
digital.vasic.translator/pkg/markdown/markdown_to_epub.go:668.2,668.17 1 1
digital.vasic.translator/pkg/markdown/markdown_to_epub.go:668.17,670.3 1 0
digital.vasic.translator/pkg/markdown/markdown_to_epub.go:673.2,681.45 1 1
digital.vasic.translator/pkg/markdown/simple_workflow.go:36.112,42.2 1 1
digital.vasic.translator/pkg/markdown/simple_workflow.go:45.102,51.24 2 1
digital.vasic.translator/pkg/markdown/simple_workflow.go:51.24,53.3 1 1
digital.vasic.translator/pkg/markdown/simple_workflow.go:56.2,58.13 2 1
digital.vasic.translator/pkg/markdown/simple_workflow.go:59.15,60.62 1 1
digital.vasic.translator/pkg/markdown/simple_workflow.go:61.14,62.61 1 0
digital.vasic.translator/pkg/markdown/simple_workflow.go:63.10,64.57 1 0
digital.vasic.translator/pkg/markdown/simple_workflow.go:69.120,77.24 2 1
digital.vasic.translator/pkg/markdown/simple_workflow.go:77.24,79.3 1 1
digital.vasic.translator/pkg/markdown/simple_workflow.go:82.2,82.53 1 1
digital.vasic.translator/pkg/markdown/simple_workflow.go:82.53,93.3 2 1
digital.vasic.translator/pkg/markdown/simple_workflow.go:96.2,99.88 2 1
digital.vasic.translator/pkg/markdown/simple_workflow.go:99.88,101.3 1 1
digital.vasic.translator/pkg/markdown/simple_workflow.go:103.2,103.24 1 1
digital.vasic.translator/pkg/markdown/simple_workflow.go:103.24,105.3 1 1
digital.vasic.translator/pkg/markdown/simple_workflow.go:107.2,107.12 1 1
digital.vasic.translator/pkg/markdown/simple_workflow.go:111.104,117.24 2 1
digital.vasic.translator/pkg/markdown/simple_workflow.go:117.24,119.3 1 1
digital.vasic.translator/pkg/markdown/simple_workflow.go:122.2,124.13 2 1
digital.vasic.translator/pkg/markdown/simple_workflow.go:125.15,126.62 1 1
digital.vasic.translator/pkg/markdown/simple_workflow.go:127.10,128.58 1 0
digital.vasic.translator/pkg/markdown/simple_workflow.go:133.122,144.83 6 0
digital.vasic.translator/pkg/markdown/simple_workflow.go:144.83,146.3 1 0
digital.vasic.translator/pkg/markdown/simple_workflow.go:149.2,149.114 1 0
digital.vasic.translator/pkg/markdown/simple_workflow.go:149.114,151.3 1 0
digital.vasic.translator/pkg/markdown/simple_workflow.go:154.2,154.88 1 0
digital.vasic.translator/pkg/markdown/simple_workflow.go:154.88,156.3 1 0
digital.vasic.translator/pkg/markdown/simple_workflow.go:158.2,165.24 3 0
digital.vasic.translator/pkg/markdown/simple_workflow.go:165.24,167.3 1 0
digital.vasic.translator/pkg/markdown/simple_workflow.go:169.2,169.12 1 0
digital.vasic.translator/pkg/markdown/simple_workflow.go:173.106,176.2 2 1
digital.vasic.translator/pkg/markdown/simple_workflow.go:179.105,184.16 2 0
digital.vasic.translator/pkg/markdown/simple_workflow.go:184.16,186.3 1 0
digital.vasic.translator/pkg/markdown/simple_workflow.go:189.2,194.64 3 0
digital.vasic.translator/pkg/markdown/simple_workflow.go:198.106,201.16 2 1
digital.vasic.translator/pkg/markdown/simple_workflow.go:201.16,203.3 1 1
digital.vasic.translator/pkg/markdown/simple_workflow.go:206.2,207.16 2 1
digital.vasic.translator/pkg/markdown/simple_workflow.go:207.16,209.3 1 0
digital.vasic.translator/pkg/markdown/simple_workflow.go:210.2,218.16 5 1
digital.vasic.translator/pkg/markdown/simple_workflow.go:218.16,220.3 1 0
digital.vasic.translator/pkg/markdown/simple_workflow.go:223.2,230.16 3 1
digital.vasic.translator/pkg/markdown/simple_workflow.go:230.16,232.3 1 0
digital.vasic.translator/pkg/markdown/simple_workflow.go:235.2,250.16 3 1
digital.vasic.translator/pkg/markdown/simple_workflow.go:250.16,252.3 1 0
digital.vasic.translator/pkg/markdown/simple_workflow.go:255.2,274.16 4 1
digital.vasic.translator/pkg/markdown/simple_workflow.go:274.16,276.3 1 0
digital.vasic.translator/pkg/markdown/simple_workflow.go:279.2,279.52 1 1
digital.vasic.translator/pkg/markdown/simple_workflow.go:283.66,286.16 2 1
digital.vasic.translator/pkg/markdown/simple_workflow.go:286.16,288.3 1 0
digital.vasic.translator/pkg/markdown/simple_workflow.go:289.2,301.16 6 1
digital.vasic.translator/pkg/markdown/simple_workflow.go:301.16,303.3 1 0
digital.vasic.translator/pkg/markdown/simple_workflow.go:305.2,306.16 2 1
digital.vasic.translator/pkg/markdown/simple_workflow.go:306.16,308.3 1 0
digital.vasic.translator/pkg/markdown/simple_workflow.go:310.2,311.16 2 1
digital.vasic.translator/pkg/markdown/simple_workflow.go:311.16,313.3 1 0
digital.vasic.translator/pkg/markdown/simple_workflow.go:316.2,316.86 1 1
digital.vasic.translator/pkg/markdown/simple_workflow.go:316.86,317.17 1 1
digital.vasic.translator/pkg/markdown/simple_workflow.go:317.17,319.4 1 0
digital.vasic.translator/pkg/markdown/simple_workflow.go:322.3,322.107 1 1
digital.vasic.translator/pkg/markdown/simple_workflow.go:322.107,324.4 1 1
digital.vasic.translator/pkg/markdown/simple_workflow.go:327.3,328.17 2 1
digital.vasic.translator/pkg/markdown/simple_workflow.go:328.17,330.4 1 0
digital.vasic.translator/pkg/markdown/simple_workflow.go:333.3,334.17 2 1
digital.vasic.translator/pkg/markdown/simple_workflow.go:334.17,336.4 1 0
digital.vasic.translator/pkg/markdown/simple_workflow.go:339.3,340.17 2 1
digital.vasic.translator/pkg/markdown/simple_workflow.go:340.17,342.4 1 0
digital.vasic.translator/pkg/markdown/simple_workflow.go:345.3,346.17 2 1
digital.vasic.translator/pkg/markdown/simple_workflow.go:346.17,348.4 1 0
digital.vasic.translator/pkg/markdown/simple_workflow.go:350.3,350.13 1 1
digital.vasic.translator/pkg/markdown/simple_workflow.go:353.2,353.16 1 1
digital.vasic.translator/pkg/markdown/simple_workflow.go:353.16,355.3 1 0
digital.vasic.translator/pkg/markdown/simple_workflow.go:357.2,357.12 1 1
digital.vasic.translator/pkg/markdown/simple_workflow.go:361.53,366.29 4 1
digital.vasic.translator/pkg/markdown/simple_workflow.go:366.29,370.36 2 1
digital.vasic.translator/pkg/markdown/simple_workflow.go:370.36,371.19 1 1
digital.vasic.translator/pkg/markdown/simple_workflow.go:371.19,374.5 2 0
digital.vasic.translator/pkg/markdown/simple_workflow.go:375.4,375.84 1 1
digital.vasic.translator/pkg/markdown/simple_workflow.go:376.9,376.44 1 1
digital.vasic.translator/pkg/markdown/simple_workflow.go:376.44,377.19 1 1
digital.vasic.translator/pkg/markdown/simple_workflow.go:377.19,380.5 2 0
digital.vasic.translator/pkg/markdown/simple_workflow.go:381.4,381.85 1 1
digital.vasic.translator/pkg/markdown/simple_workflow.go:382.9,382.45 1 1
digital.vasic.translator/pkg/markdown/simple_workflow.go:382.45,383.19 1 1
digital.vasic.translator/pkg/markdown/simple_workflow.go:383.19,386.5 2 0
digital.vasic.translator/pkg/markdown/simple_workflow.go:387.4,387.86 1 1
digital.vasic.translator/pkg/markdown/simple_workflow.go:388.9,388.24 1 1
digital.vasic.translator/pkg/markdown/simple_workflow.go:388.24,390.19 1 1
digital.vasic.translator/pkg/markdown/simple_workflow.go:390.19,393.5 2 1
digital.vasic.translator/pkg/markdown/simple_workflow.go:394.9,396.20 1 1
digital.vasic.translator/pkg/markdown/simple_workflow.go:396.20,399.5 2 1
digital.vasic.translator/pkg/markdown/simple_workflow.go:399.10,401.5 1 1
digital.vasic.translator/pkg/markdown/simple_workflow.go:402.4,402.28 1 1
digital.vasic.translator/pkg/markdown/simple_workflow.go:407.2,407.17 1 1
digital.vasic.translator/pkg/markdown/simple_workflow.go:407.17,409.3 1 0
digital.vasic.translator/pkg/markdown/simple_workflow.go:411.2,411.24 1 1
digital.vasic.translator/pkg/markdown/translator.go:17.92,21.2 1 1
digital.vasic.translator/pkg/markdown/translator.go:24.89,27.16 2 1
digital.vasic.translator/pkg/markdown/translator.go:27.16,29.3 1 1
digital.vasic.translator/pkg/markdown/translator.go:32.2,33.16 2 1
digital.vasic.translator/pkg/markdown/translator.go:33.16,35.3 1 1
digital.vasic.translator/pkg/markdown/translator.go:38.2,38.75 1 1
digital.vasic.translator/pkg/markdown/translator.go:38.75,40.3 1 0
digital.vasic.translator/pkg/markdown/translator.go:42.2,42.12 1 1
digital.vasic.translator/pkg/markdown/translator.go:46.81,54.21 6 1
digital.vasic.translator/pkg/markdown/translator.go:54.21,58.20 2 1
digital.vasic.translator/pkg/markdown/translator.go:58.20,61.29 3 1
digital.vasic.translator/pkg/markdown/translator.go:61.29,63.5 1 1
digital.vasic.translator/pkg/markdown/translator.go:63.10,63.36 1 1
digital.vasic.translator/pkg/markdown/translator.go:63.36,65.5 1 1
digital.vasic.translator/pkg/markdown/translator.go:66.4,66.12 1 1
digital.vasic.translator/pkg/markdown/translator.go:70.3,70.37 1 1
digital.vasic.translator/pkg/markdown/translator.go:70.37,73.12 3 1
digital.vasic.translator/pkg/markdown/translator.go:77.3,77.35 1 1
digital.vasic.translator/pkg/markdown/translator.go:77.35,79.12 2 1
digital.vasic.translator/pkg/markdown/translator.go:83.3,84.17 2 1
digital.vasic.translator/pkg/markdown/translator.go:84.17,86.4 1 1
digital.vasic.translator/pkg/markdown/translator.go:88.3,88.40 1 1
digital.vasic.translator/pkg/markdown/translator.go:91.2,91.38 1 1
digital.vasic.translator/pkg/markdown/translator.go:91.38,93.3 1 0
digital.vasic.translator/pkg/markdown/translator.go:95.2,95.29 1 1
digital.vasic.translator/pkg/markdown/translator.go:99.74,101.35 1 1
digital.vasic.translator/pkg/markdown/translator.go:101.35,103.3 1 1
digital.vasic.translator/pkg/markdown/translator.go:106.2,106.34 1 1
digital.vasic.translator/pkg/markdown/translator.go:106.34,108.3 1 1
digital.vasic.translator/pkg/markdown/translator.go:111.2,111.87 1 1
digital.vasic.translator/pkg/markdown/translator.go:111.87,113.3 1 0
digital.vasic.translator/pkg/markdown/translator.go:116.2,116.68 1 1
digital.vasic.translator/pkg/markdown/translator.go:116.68,118.3 1 1
digital.vasic.translator/pkg/markdown/translator.go:121.2,121.68 1 1
digital.vasic.translator/pkg/markdown/translator.go:121.68,123.3 1 0
digital.vasic.translator/pkg/markdown/translator.go:126.2,126.53 1 1
digital.vasic.translator/pkg/markdown/translator.go:126.53,128.3 1 1
digital.vasic.translator/pkg/markdown/translator.go:131.2,131.72 1 1
digital.vasic.translator/pkg/markdown/translator.go:131.72,133.3 1 0
digital.vasic.translator/pkg/markdown/translator.go:136.2,136.43 1 1
digital.vasic.translator/pkg/markdown/translator.go:140.76,143.21 2 1
digital.vasic.translator/pkg/markdown/translator.go:143.21,145.3 1 0
digital.vasic.translator/pkg/markdown/translator.go:147.2,152.16 4 1
digital.vasic.translator/pkg/markdown/translator.go:152.16,154.3 1 1
digital.vasic.translator/pkg/markdown/translator.go:156.2,156.44 1 1
digital.vasic.translator/pkg/markdown/translator.go:160.74,163.21 2 1
digital.vasic.translator/pkg/markdown/translator.go:163.21,165.3 1 0
digital.vasic.translator/pkg/markdown/translator.go:167.2,173.16 5 1
digital.vasic.translator/pkg/markdown/translator.go:173.16,175.3 1 0
digital.vasic.translator/pkg/markdown/translator.go:177.2,177.48 1 1
digital.vasic.translator/pkg/markdown/translator.go:181.82,184.21 2 0
digital.vasic.translator/pkg/markdown/translator.go:184.21,186.3 1 0
digital.vasic.translator/pkg/markdown/translator.go:188.2,194.16 5 0
digital.vasic.translator/pkg/markdown/translator.go:194.16,196.3 1 0
digital.vasic.translator/pkg/markdown/translator.go:198.2,198.49 1 0
digital.vasic.translator/pkg/markdown/translator.go:202.80,205.21 2 1
digital.vasic.translator/pkg/markdown/translator.go:205.21,207.3 1 0
digital.vasic.translator/pkg/markdown/translator.go:209.2,212.16 3 1
digital.vasic.translator/pkg/markdown/translator.go:212.16,214.3 1 0
digital.vasic.translator/pkg/markdown/translator.go:217.2,218.16 2 1
digital.vasic.translator/pkg/markdown/translator.go:218.16,220.3 1 0
digital.vasic.translator/pkg/markdown/translator.go:222.2,222.44 1 1
digital.vasic.translator/pkg/markdown/translator.go:226.86,234.24 3 1
digital.vasic.translator/pkg/markdown/translator.go:234.24,237.3 1 1
digital.vasic.translator/pkg/markdown/translator.go:240.2,243.31 3 1
digital.vasic.translator/pkg/markdown/translator.go:243.31,247.22 2 1
digital.vasic.translator/pkg/markdown/translator.go:247.22,249.42 2 1
digital.vasic.translator/pkg/markdown/translator.go:249.42,251.19 2 1
digital.vasic.translator/pkg/markdown/translator.go:251.19,253.6 1 0
digital.vasic.translator/pkg/markdown/translator.go:254.5,254.35 1 1
digital.vasic.translator/pkg/markdown/translator.go:259.3,261.17 3 1
digital.vasic.translator/pkg/markdown/translator.go:261.17,263.4 1 0
digital.vasic.translator/pkg/markdown/translator.go:264.3,266.16 2 1
digital.vasic.translator/pkg/markdown/translator.go:270.2,270.25 1 1
digital.vasic.translator/pkg/markdown/translator.go:270.25,272.41 2 1
digital.vasic.translator/pkg/markdown/translator.go:272.41,274.18 2 1
digital.vasic.translator/pkg/markdown/translator.go:274.18,276.5 1 0
digital.vasic.translator/pkg/markdown/translator.go:277.4,277.34 1 1
digital.vasic.translator/pkg/markdown/translator.go:281.2,281.29 1 1
digital.vasic.translator/pkg/markdown/translator.go:285.89,287.74 1 1
digital.vasic.translator/pkg/markdown/translator.go:287.74,290.17 3 1
digital.vasic.translator/pkg/markdown/translator.go:290.17,292.4 1 0
digital.vasic.translator/pkg/markdown/translator.go:293.3,293.39 1 1
digital.vasic.translator/pkg/markdown/translator.go:296.2,296.74 1 1
digital.vasic.translator/pkg/markdown/translator.go:296.74,299.17 3 0
digital.vasic.translator/pkg/markdown/translator.go:299.17,301.4 1 0
digital.vasic.translator/pkg/markdown/translator.go:302.3,302.39 1 0
digital.vasic.translator/pkg/markdown/translator.go:306.2,306.109 1 1
digital.vasic.translator/pkg/markdown/translator.go:306.109,309.17 3 1
digital.vasic.translator/pkg/markdown/translator.go:309.17,311.4 1 0
digital.vasic.translator/pkg/markdown/translator.go:312.3,312.37 1 1
digital.vasic.translator/pkg/markdown/translator.go:315.2,315.109 1 1
digital.vasic.translator/pkg/markdown/translator.go:315.109,318.17 3 0
digital.vasic.translator/pkg/markdown/translator.go:318.17,320.4 1 0
digital.vasic.translator/pkg/markdown/translator.go:321.3,321.37 1 0
digital.vasic.translator/pkg/markdown/translator.go:325.2,325.72 1 1
digital.vasic.translator/pkg/markdown/translator.go:325.72,328.3 1 1
digital.vasic.translator/pkg/markdown/translator.go:331.2,332.71 2 1
digital.vasic.translator/pkg/markdown/translator.go:332.71,338.17 4 1
digital.vasic.translator/pkg/markdown/translator.go:338.17,340.4 1 0
digital.vasic.translator/pkg/markdown/translator.go:341.3,341.54 1 1
digital.vasic.translator/pkg/markdown/translator.go:345.2,345.34 1 0
digital.vasic.translator/pkg/markdown/translator.go:349.74,351.16 2 1
digital.vasic.translator/pkg/markdown/translator.go:351.16,353.3 1 0
digital.vasic.translator/pkg/markdown/translator.go:355.2,356.16 2 1
digital.vasic.translator/pkg/markdown/translator.go:356.16,358.3 1 1
digital.vasic.translator/pkg/markdown/translator.go:360.2,360.24 1 1
